entry,year,Kl,Ks,prem,maxgain,pnl
2020-03-13,2020,9700,11250,452.0,54900.0,-22800.0
2020-03-20,2020,8550,9600,659.0,19550.0,19350.0
2020-05-15,2020,10850,11200,82.5,13375.0,-2480.000000000018
2020-09-11,2020,12650,12950,98.1,10095.0,9895.0
2020-12-04,2020,14000,14200,116.0,4200.0,4000.0
2021-01-08,2021,15400,15600,91.0,5450.0,5250.0
2021-01-29,2021,15500,16050,20.4,26480.0,12135.000000000018
2021-03-05,2021,15600,16500,332.7,28364.999999999996,-2990.0000000000177
2021-03-26,2021,16100,16150,38.0,600.0,400.0
2021-04-23,2021,17050,17350,196.0,5200.0,5000.0
2021-05-07,2021,17100,17200,71.0,1450.0,-3750.0
2021-05-14,2021,15800,17300,214.7,64265.0,5909.999999999983
2021-05-21,2021,16200,16300,57.0,2150.0,1950.0
2021-05-28,2021,16750,16850,67.0,1650.0,1450.0
2021-07-02,2021,17650,17700,30.0,1000.0,800.0
2021-07-09,2021,17650,17850,98.5,5075.0,2179.9999999999272
2021-07-30,2021,17300,17350,24.0,1300.0,1100.0
2021-08-13,2021,17200,17600,25.6,18720.0,-1480.0
2021-08-20,2021,16300,16600,121.0,8950.0,8750.0
2021-09-17,2021,17250,17550,114.0,9300.0,-5900.0
2021-10-01,2021,16800,17000,34.0,8300.0,-1900.0
2021-10-15,2021,16650,16750,66.0,1700.0,1500.0
2021-10-29,2021,17050,17200,44.5,5275.0,717.4999999999272
2021-11-05,2021,17150,17450,143.5,7825.0,7625.0
2022-01-03,2022,18300,18450,44.0,5300.0,5100.0
2022-01-21,2022,18050,18500,69.7,19015.0,-3685.0
2022-02-18,2022,18050,18600,253.0,14850.0,-11504.999999999927
2022-02-25,2022,17650,18350,131.4,28430.0,5542.5
2022-04-01,2022,17450,17700,137.5,5625.0,-3929.9999999999272
2022-04-08,2022,17200,17750,192.3,17885.0,-4272.500000000074
2022-04-22,2022,16850,18200,217.6,56620.00000000001,-11080.0
2022-05-13,2022,15800,21100,167.9,256605.00000000003,16499.99999999998
2022-05-20,2022,16050,16500,186.0,13200.0,-4255.000000000018
2022-06-06,2022,16600,17000,100.1,14994.999999999998,-2212.5000000000723
2022-06-10,2022,16400,16850,156.0,14700.0,-8000.0
2022-06-17,2022,15200,16000,421.5,18925.0,-11869.999999999982
2022-06-24,2022,15000,15600,304.5,14775.0,-2369.999999999982
2022-07-01,2022,14650,15050,38.5,18075.0,-2125.0
2022-07-15,2022,14400,15700,171.5,56425.0,7000.0
2022-08-19,2022,15300,15450,92.0,2900.0,-4800.0
2022-08-26,2022,15250,15400,69.0,4050.0,-3650.0
2022-09-02,2022,14800,15200,60.7,16965.0,-3235.0
2022-09-16,2022,14500,20200,109.9,279505.0,-5695.0
2022-09-23,2022,14200,14400,60.5,6975.0,-3225.0
2022-09-30,2022,13350,13850,165.0,16750.0,15194.999999999982
2022-10-07,2022,13800,14300,70.0,21500.0,-3700.0
2022-10-14,2022,13150,15700,153.9,119805.0,-7895.0
2022-10-21,2022,12900,13200,84.0,10800.0,-4400.0
2022-11-04,2022,12900,13250,161.0,9450.0,9250.0
2022-11-11,2022,13950,14600,169.3,24035.0,18829.99999999998
2022-12-09,2022,14650,15000,145.5,10225.0,-3730.000000000018
2022-12-16,2022,14450,15600,115.3,51735.0,-5965.0
2022-12-23,2022,14150,14950,141.5,32925.0,-7275.0
2022-12-30,2022,14200,14350,47.0,5150.0,-1405.0000000000182
2023-02-17,2023,15450,16000,93.5,22825.0,-4875.0
2023-02-24,2023,15650,15750,25.5,3725.0,-1475.0
2023-03-17,2023,15300,15650,164.0,9300.0,9100.0
2023-03-24,2023,15900,16200,103.5,9825.0,-5375.0
2023-04-21,2023,15750,15900,22.7,6365.0,-1335.0
2023-06-09,2023,16800,18000,152.8,52360.0,14357.500000000036
2023-06-26,2023,16850,17200,206.0,7200.0,-6422.4999999998545
2023-06-30,2023,16700,17000,146.0,7700.0,7500.0
2023-07-21,2023,16850,17400,186.9,18155.0,5682.499999999964
2023-07-28,2023,17150,17450,152.5,7375.0,-7825.0
2023-08-04,2023,16700,17100,171.5,11425.0,-254.99999999992724
2023-08-18,2023,16400,16700,89.0,10550.0,3145.0000000000728
2023-09-15,2023,16850,16950,52.0,2400.0,-2800.0
2023-10-02,2023,16550,16700,46.5,5175.0,-2525.0
2023-10-27,2023,16150,16950,104.6,34770.0,-5430.0
2023-12-22,2023,17550,17950,74.8,16260.0,12649.999999999964
2024-01-05,2024,17600,17750,42.0,5400.0,-2300.0
2024-01-12,2024,17450,17800,140.0,10500.0,-7200.0
2024-04-12,2024,20750,21100,86.5,13175.0,-4525.0
2024-04-19,2024,19850,20550,54.2,32289.999999999996,11985.000000000073
2024-05-31,2024,21500,21900,55.7,17215.0,-2985.0
2024-06-28,2024,22900,22950,29.0,1050.0,850.0
2024-07-29,2024,22450,22750,78.0,11100.0,-4100.0
2024-08-23,2024,21950,22300,182.0,8400.0,8200.0
2024-08-30,2024,22300,22350,26.0,1200.0,-1500.0
2024-09-06,2024,21200,22150,369.5,29025.0,-18675.0
2024-11-01,2024,22400,23250,418.0,21600.0,21400.0
2024-11-15,2024,22700,23150,193.0,12850.0,-9850.0
2024-11-29,2024,22200,22750,229.0,16050.0,15850.0
2024-12-06,2024,23300,23800,107.5,19625.0,-5575.0
2024-12-20,2024,22750,24400,134.6,75770.0,19370.0
2025-01-03,2025,22950,23700,165.5,29225.0,16979.999999999927
2025-01-10,2025,23100,23600,138.0,18100.0,-7100.0
2025-02-07,2025,23300,23350,30.0,1000.0,-939.9999999999636
2025-02-14,2025,23350,24000,88.8,28060.000000000004,8205.000000000073
2025-02-21,2025,23550,23600,35.0,750.0,-1950.0
2025-03-03,2025,22650,23850,211.1,49445.0,3134.999999999964
2025-03-07,2025,22500,22900,180.0,11000.0,-9200.0
2025-03-14,2025,22100,22500,129.0,13550.0,-6650.0
2025-03-28,2025,21750,22150,103.5,14825.0,-5375.0
2025-04-07,2025,19200,21400,85.1,105745.0,-4455.0
2025-04-11,2025,18550,20100,965.0,29250.0,1347.4999999998545
2025-04-18,2025,19400,19900,171.0,16450.0,345.00000000007276
2025-06-02,2025,21000,21450,138.0,15600.0,15400.0
2025-06-20,2025,21650,22500,368.0,24100.0,19239.999999999964
2025-08-22,2025,23900,24000,43.0,2850.0,2650.0
2025-09-26,2025,25950,26450,68.8,21560.0,1114.9999999999275
2025-11-21,2025,26750,27800,203.7,42315.0,16254.999999999964
2025-12-19,2025,27800,27950,77.0,3650.0,3450.0
