feature,importance
f_rsi14_15m,0.04423171095776566
f_pdi21,0.03991436059879559
f_bb_pos_slope,0.038974343065872365
f_atr_pct_rank,0.03856048143613486
f_ema10_slope,0.038330421685314954
f_atr_ratio_lag2,0.03717787411414786
f_gap_open,0.03672431468784724
f_pdi_l3,0.03587220919205475
f_rsi7_slope,0.03572202938624279
f_atr_ratio_lag1,0.035498992402672465
f_rsi50_l1,0.03468194735635607
f_macd_hist,0.034627588051214006
f_ret_std10,0.03452588812409149
f_rsi7_vs_rsi21,0.034128076006638655
f_vol_x_ret5,0.03396876748853939
f_ema_align_x_adx,0.03328645144280236
f_ret3,0.03308038426406819
f_recent_high_dist,0.032686011693606756
f_adx_x_rsi_vs50,0.03234019558066788
f_rsi50_l3,0.03221106092525294
f_rsi7,0.03205533951978275
f_adx_lag5,0.03181298283036524
f_atr7_vs_atr21,0.0318016843938256
f_adx_l1,0.03179398421447267
f_adx21_l3,0.03146121132673314
f_di_spread21,0.029843052821477655
f_rsi50,0.029193244253769797
f_close_vs_ema20,0.028640742550762547
f_di_bear_strength,0.02459683059880359
f_engulfing,0.012257835421198135
