trial_number,filtered_pf,filtered_wr,neg_max_dd,max_dd,n_est_xgb,max_depth_xgb,lr_xgb,subsample_xgb,colsample_xgb,min_child_xgb,reg_alpha_xgb,reg_lambda_xgb,num_leaves_lgb,lr_lgb,subsample_lgb,min_child_lgb,reg_alpha_lgb,reg_lambda_lgb,n_est_lgb,threshold,w_xgb,w_lgb
0,0.0,0.0,-100.0,100.0,250,8,0.07259248719561363,0.8394633936788146,0.5780093202212182,4,0.0017073967431528124,2.9154431891537547,44,0.06803900745073706,0.608233797718321,49,2.1368329072358767,0.0070689749506246055,172,0.45502135295603013,0.3216968971838151,0.4099025726528951
1,0.0,0.0,-100.0,100.0,273,4,0.05243180891902853,0.6557975442608167,0.6460723242676091,8,0.06672367170464207,1.382623217936987,24,0.04025192252635066,0.836965827544817,7,0.26926469100861794,0.004809461967501573,126,0.6846656611759999,0.5862528132298237,0.5233589392465845
2,0.0,0.0,-100.0,100.0,222,3,0.06378528225249058,0.7760609974958406,0.5610191174223894,10,0.0013726318898045872,4.337920697490942,27,0.06014321882783976,0.7246844304357644,28,0.1537592023548176,0.0054880470007660455,488,0.6325398470083343,0.5757995766256756,0.5579309401710595
3,0.0,0.0,-100.0,100.0,339,8,0.012707942999213693,0.6783931449676581,0.522613644455269,7,0.03586816498627549,0.01217295809836997,55,0.026276920623647244,0.7123738038749523,29,0.0036618192203924276,1.6172900811143154,129,0.6960660809801551,0.508897907718663,0.279486272613669
4,0.0,0.0,-100.0,100.0,102,7,0.06781546492336318,0.8916028672163949,0.8856351733429728,2,0.02715581955282941,0.0029072088906598446,57,0.054082340576877566,0.7323592099410596,7,0.017535949529764425,0.01998634077852888,392,0.591267241406564,0.5548850970305306,0.3888859700647797
5,0.0,0.0,-100.0,100.0,147,7,0.07847885275945195,0.8245108790277985,0.8854835899772805,10,0.12329098365270515,0.05130551760589835,16,0.013393379176672826,0.6125716742746937,34,0.018089390092767135,0.1082138291061399,463,0.4747876687446625,0.3641531692142519,0.5022204554172194
6,0.0,0.0,-100.0,100.0,191,3,0.02191664893471126,0.6644885149016018,0.9648488261712865,17,0.34167643418329696,3.06085221067225,54,0.016573850437780164,0.9570235993959911,29,1.6973078532467012,3.840300419098857,227,0.43301557735830304,0.2911740650167767,0.3708431154505025
7,0.0,0.0,-100.0,100.0,428,8,0.01019005058575656,0.8042989210310263,0.7087055015743895,5,0.0030162092627967776,0.022410971619109515,61,0.02399474524018595,0.8075162486973464,37,0.02847858516856297,7.711312991331111,485,0.47553468874760924,0.3988994023569542,0.32035132392670784
8,0.0,0.0,-100.0,100.0,214,3,0.05210786568543147,0.8010716092915446,0.5257393756249946,6,4.295992790539128,0.009083381663660588,22,0.03763926317321749,0.9942601816442402,16,0.4881375191603672,1.1129571947046013,195,0.6184649045835579,0.3471132530877013,0.4529223322374318
9,0.0,0.0,-100.0,100.0,354,6,0.012769944487690825,0.9341209982356952,0.6603900324858679,4,0.001455796149025199,0.2309786149269357,48,0.010459448854330408,0.8048372233197124,15,0.38079493367685613,0.004982711200081134,377,0.5160206038901612,0.5746919954946939,0.2550083776583973
10,0.0,0.0,-100.0,100.0,236,3,0.12232749481397436,0.9509357413523924,0.6289708138575778,14,1.857328833311487,0.16626592254031874,40,0.019250426917186248,0.6372411071223597,46,3.996430167694254,0.3407264348530192,235,0.5047628723837982,0.4903822715480957,0.5588441039810308
11,0.0,0.0,-100.0,100.0,455,7,0.056896795501804744,0.6336559859980195,0.5808143570473069,18,0.2665116749055355,0.0010883991813938126,19,0.06030296011074978,0.6020246335384875,12,0.15665171630946467,0.5855726588796256,361,0.4672807928381679,0.48487168853901436,0.29489963499872
12,0.0,0.0,-100.0,100.0,230,7,0.058080129250500365,0.9396893641976711,0.8288064461501716,12,0.0023697311169867336,0.029570809414943493,27,0.01936217258426112,0.9892042219009782,23,3.6998679204890905,0.33462201030483824,418,0.5507911279315576,0.4307615538505436,0.39700707752754555
13,0.0,0.0,-100.0,100.0,178,7,0.021390154489226144,0.6097263865725815,0.822736147953584,4,5.77875573445746,6.542056762893131,59,0.027248362720711256,0.606182646611547,47,0.05161032492347072,7.355619850853311,486,0.655902836640208,0.31777955682783426,0.3540390914407701
14,0.0,0.0,-100.0,100.0,441,4,0.015824825794808296,0.82272050498334,0.9680773870803905,14,0.19065345519393517,0.0024474057445796832,45,0.14601372452277295,0.6560336060946096,28,3.2321558056178983,0.9184900818511543,379,0.6107452251961327,0.3437964604879021,0.31743673770579733
15,0.0,0.0,-100.0,100.0,424,7,0.10465408256017024,0.9652962210225885,0.7556711994304689,11,1.5602015889668863,0.3979749374103114,49,0.08628291372265715,0.9560021367270265,20,0.03179302199939539,0.002376444955386536,331,0.41078268213902264,0.38623920725298405,0.4170578538830306
16,0.0,0.0,-100.0,100.0,214,6,0.010861031602050668,0.6149392754996857,0.9113002803298291,8,0.003222864528968034,0.12273630375458194,52,0.01794011505458177,0.8491561903276001,8,0.001609633064821938,0.13348071559960692,316,0.591228970449462,0.49043653348906463,0.5903408317850138
17,0.0,0.0,-100.0,100.0,307,4,0.08614132208903387,0.7083329005048297,0.719485710352818,2,0.0012629989039319985,7.089141723796888,55,0.06584596704666365,0.763581177765708,12,0.004224235973517089,0.01002239679114334,320,0.6143787768100186,0.4640789506870925,0.3119735587783771
18,0.0,0.0,-100.0,100.0,482,7,0.044871538008044144,0.8446882984937409,0.709800031213895,5,0.026539376439360548,1.0749405395173413,15,0.013693422806810726,0.618401056808701,6,2.641449645424224,0.6525765108342366,290,0.42935024819530043,0.39664635004673293,0.3893887083122263
19,0.0,0.0,-100.0,100.0,169,5,0.029422389117085355,0.8463400392208866,0.8175468254338218,1,0.0315101491238403,0.3187422711813415,39,0.10169748566247801,0.8634774526475779,12,0.0019154683907246354,0.371259104528773,110,0.575732674382039,0.576092096569983,0.43018967115035156
20,0.0,0.0,-100.0,100.0,255,6,0.034589733737449994,0.818246715726374,0.9707324043882626,8,6.994589881535456,4.182178526757455,24,0.012066330585890888,0.6403112005509707,5,0.002386557173672711,0.5395442811888479,128,0.49569268908812836,0.5379501243877818,0.20930877429433037
21,0.0,0.0,-100.0,100.0,426,4,0.013771226485967965,0.8786948661456602,0.8144714233899419,18,0.871533680689944,1.636529060071807,28,0.016169072056541535,0.9002459006563434,42,9.162638829638215,0.04471679901231309,249,0.632923888222599,0.33632141610120714,0.5723029302414259
22,0.0,0.0,-100.0,100.0,444,5,0.07639991924189383,0.9018171496338729,0.5515619344179663,19,0.10495653625093643,2.022226812842965,30,0.11303606781810199,0.7556806714936652,5,4.18338568214604,0.0023181776112903506,228,0.6850185901152415,0.5802428587750224,0.42937515524931447
23,0.0,0.0,-100.0,100.0,353,5,0.022122929005824552,0.7314658181479664,0.8362592280385193,16,1.4666151770108542,1.4403650379563882,19,0.03814902111569711,0.6230235040066577,30,0.05836090333829237,3.554812765190895,240,0.4351201049282818,0.25719667282113434,0.5046042526869889
24,0.0,0.0,-100.0,100.0,347,3,0.012557907492033553,0.880387652583648,0.5363815031820968,17,0.6682960721831002,0.002115412774188856,19,0.1446699009485436,0.7497083183024481,22,1.7831926649375947,6.151688122361409,495,0.6260134555776824,0.3505038342123663,0.23340028667946752
25,0.0,0.0,-100.0,100.0,411,6,0.031544510823633756,0.9625417540378944,0.5555987411530756,10,0.0011102341430568343,0.07492772870670285,17,0.013795603784069585,0.6470104987108419,34,0.9642275078930685,0.2155137879975578,485,0.5124611738571112,0.3142848345127443,0.5474396512757841
26,0.0,0.0,-100.0,100.0,189,8,0.010334626163853574,0.9879515306830556,0.5215799559752881,18,0.12906379659404604,9.37258061358119,18,0.044810850073941595,0.9877210142476396,29,0.32930213963426724,0.6067290033535007,282,0.588267424025219,0.4337257247692401,0.5604632041963955
27,0.0,0.0,-100.0,100.0,118,4,0.13115070785315439,0.9561055135563665,0.7278283763928565,13,0.012868405331151606,0.005655677524618509,37,0.026036012222597115,0.8334624447403488,8,7.899129442978694,8.807303814609769,379,0.5608289099032361,0.3238110465145311,0.5255180078827795
28,0.0,0.0,-100.0,100.0,374,3,0.117851061688318,0.9290148971692676,0.974899956645962,15,0.28422402394344276,0.04709471197589549,60,0.10436867506163451,0.6180874680424757,6,0.03205187700424883,1.7466799020707342,495,0.44512506733105844,0.43765228614085405,0.3523563426524086
29,0.0,0.0,-100.0,100.0,488,8,0.09681687526869776,0.7874772639179881,0.7074097511688326,6,0.0016807456139662953,2.8766664283743464,54,0.1498853605925049,0.9986547348295621,30,1.1911039386071296,6.0126084038369445,440,0.4742044305229593,0.3802176541240374,0.251663766060598
30,0.0,0.0,-100.0,100.0,482,6,0.01857397279030712,0.8686802737623427,0.8090641202289479,8,0.002845970334341385,0.48561577077656753,40,0.08096865213202142,0.8080654004447974,44,0.1612973956072272,0.17528787903404122,451,0.5210448598637191,0.2536060913802563,0.2115130705253356
31,0.0,0.0,-100.0,100.0,402,6,0.06730728319198831,0.6851856646035643,0.5681857377933849,1,0.02525516645294409,0.22891315306837046,34,0.032697190067634524,0.9616634777974994,21,0.1137517159258866,1.3633647183120066,259,0.586626010068362,0.544945483498698,0.5798082494630568
32,0.0,0.0,-100.0,100.0,158,8,0.0379117359350621,0.7032977553195834,0.7295678781191306,20,0.09342699405616657,0.020654107883022306,46,0.01916166146777288,0.6303453312434656,10,0.003252245757497283,0.004051452710153361,155,0.5922624234409644,0.27275203375965795,0.3382669133295453
33,0.0,0.0,-100.0,100.0,459,5,0.060968964806689584,0.668927948480652,0.5961445094043354,1,0.004739584301027368,0.013012518385211495,23,0.012715173033242561,0.6482543484402403,26,0.006688594595986198,0.02864701953350988,301,0.6071184485888096,0.21572485593643959,0.5197641595636171
34,0.0,0.0,-100.0,100.0,351,3,0.10651436531978295,0.9683489602127253,0.5305389799274318,6,1.6780508579130993,0.9840989343758322,24,0.017628441114081333,0.7481888411165528,27,0.2971796631657384,0.029898855088295265,285,0.6242412814401269,0.21467328115623918,0.3009747777376083
35,0.0,0.0,-100.0,100.0,386,8,0.039974161904721174,0.8128453941061262,0.553586005669888,9,0.13504206358829252,0.00933000796578103,28,0.02777925576810135,0.6080284791110905,19,0.007011194706512118,0.020416881527138202,148,0.6671581842219685,0.43743698142161946,0.4716409276577958
36,0.0,0.0,-100.0,100.0,416,5,0.012653952242683937,0.8148426167274191,0.7934205590104395,15,0.053289075388123004,0.0032383308053152635,28,0.02673116675313466,0.8583668965326405,31,0.026569715465884425,8.832039346746855,342,0.47116803752079833,0.24071298904816152,0.2611436556737328
37,0.0,0.0,-100.0,100.0,198,3,0.01657371422640197,0.7140380674775388,0.5866867976473774,18,0.0020937989739527717,0.125327263862507,35,0.143010163916306,0.6448155608672209,23,7.548866292494031,2.897533752132412,427,0.47737084811348196,0.2683550349560263,0.4674572879697724
38,0.0,0.0,-100.0,100.0,472,6,0.04701849108440487,0.7119916374641136,0.8847464665959685,4,0.01971137615017176,0.050320593472868026,39,0.019279508914335386,0.6459347298956813,33,0.014273228319112995,0.21132597710340592,161,0.5443420305564453,0.4130357730206343,0.22072941472897079
39,0.0,0.0,-100.0,100.0,234,3,0.011872296899907054,0.9959840929559781,0.6611769224873615,17,0.01043668603971521,0.532121600776355,52,0.05017940604007248,0.7886304754200634,23,0.024858393940748243,5.225364338164352,433,0.6895080731999537,0.2497188893942179,0.4923469900814577
40,0.0,0.0,-100.0,100.0,476,4,0.01197307433429579,0.8964482597160236,0.787236556589956,17,0.0036231766306828567,1.5172922775770448,24,0.015576659406989398,0.6657063191723972,42,0.45791923103229365,0.12366924205139143,243,0.6631601622439325,0.35697804296905417,0.5266397757886307
41,0.0,0.0,-100.0,100.0,276,5,0.035006899814676765,0.7205511496656568,0.8738046900881256,11,0.0084888875490017,3.965503094323014,33,0.04357804758682626,0.9625888443858188,33,0.002934892259480898,5.745508803834169,351,0.5004716843971259,0.2557088290653549,0.5176100757081183
42,0.0,0.0,-100.0,100.0,348,6,0.11253801574415552,0.9154388844898123,0.5758374398663756,7,0.009861808369679778,0.9457692079529042,16,0.04679961464066568,0.9049834742962762,45,0.023352156626184447,1.927654598568243,144,0.6539356875203555,0.25099546493279296,0.3589149162241469
43,0.0,0.0,-100.0,100.0,419,3,0.01860460963692817,0.8889010273572264,0.8600182682730372,13,0.5967518552547519,0.14821691630007547,27,0.025501753071990933,0.6726390867205703,46,0.21555950571043878,0.04012413353131992,285,0.6841850018835445,0.26134056124643207,0.4344919328067189
44,0.0,0.0,-100.0,100.0,302,6,0.010502658125472084,0.9488495635776606,0.9660591412418063,12,0.6117912981900522,4.897760278488446,49,0.015114710559628541,0.8305153440667252,32,0.04971903435982885,0.8826264591983531,474,0.6776705538720329,0.38033574856165286,0.2452952183363021
45,0.0,0.0,-100.0,100.0,494,8,0.014015696664840094,0.9683367530469489,0.9349481810310641,11,0.23179376139410873,0.03944671255903532,17,0.024786918908397647,0.9211413794392046,5,0.02157727947769347,0.03914486272177129,315,0.6759566849238281,0.3385383977463845,0.33878128075849107
46,0.0,0.0,-100.0,100.0,395,5,0.018371971752367027,0.7809758064530774,0.5704285101898999,4,0.09850790683119273,0.04739164656764018,59,0.026681380547698075,0.8322353401112174,34,0.001128178519096982,0.45097190641534857,171,0.6883210952408365,0.25946509110124516,0.3658496494908095
47,0.0,0.0,-100.0,100.0,134,8,0.03896073685510106,0.8381540069280176,0.5335382386942138,15,0.006912296717033066,3.910363745774179,25,0.016759696952292614,0.6146198671392379,26,0.18170401889219123,0.0018316165443932743,410,0.5359866504244083,0.409756107731032,0.3763050987752913
48,0.0,0.0,-100.0,100.0,260,6,0.015225679942518378,0.6727712521981084,0.9308928105067587,19,0.031134168041628628,0.012105387404469587,46,0.030248837295737116,0.6101545422641379,12,0.7309520953510943,0.43221095215763256,110,0.46659164857988483,0.29242991863522855,0.46875709743949134
49,0.0,0.0,-100.0,100.0,107,3,0.0872517840862833,0.6714178648217334,0.8263730539259373,5,0.002498996057890889,0.009390501015726497,50,0.10147922376221803,0.9320879458267967,23,0.4702627143647234,0.00660597889201953,217,0.6689007455563358,0.20520076940429444,0.23420341234178724
50,0.0,0.0,-100.0,100.0,386,8,0.039974161904721174,0.9154388844898123,0.5758374398663756,7,0.13504206358829252,0.00933000796578103,25,0.02777925576810135,0.6080284791110905,45,0.023352156626184447,0.020416881527138202,144,0.6671581842219685,0.25099546493279296,0.4716409276577958
51,0.0,0.0,-100.0,100.0,419,8,0.01860460963692817,0.8381540069280176,0.8600182682730372,13,0.5967518552547519,0.0012768174677433959,23,0.025501753071990933,0.6726390867205703,46,0.21555950571043878,0.0018316165443932743,410,0.5359866504244083,0.409756107731032,0.3763050987752913
52,0.0,0.0,-100.0,100.0,214,3,0.02191664893471126,0.6644885149016018,0.9648488261712865,6,4.295992790539128,3.06085221067225,54,0.016573850437780164,0.9570235993959911,16,0.4881375191603672,1.1129571947046013,227,0.6184649045835579,0.2911740650167767,0.3708431154505025
53,0.0,0.0,-100.0,100.0,234,4,0.011872296899907054,0.9959840929559781,0.6611769224873615,13,0.012868405331151606,0.005655677524618509,43,0.026036012222597115,0.8334624447403488,8,0.024858393940748243,8.807303814609769,379,0.5608289099032361,0.3238110465145311,0.5255180078827795
54,0.0,0.0,-100.0,100.0,351,3,0.022122929005824552,0.9683489602127253,0.5305389799274318,16,1.6780508579130993,0.9840989343758322,24,0.017628441114081333,0.6230235040066577,30,0.05836090333829237,3.554812765190895,240,0.4351201049282818,0.25719667282113434,0.3009747777376083
55,0.0,0.0,-100.0,100.0,353,5,0.0872517840862833,0.7314658181479664,0.8362592280385193,5,0.002498996057890889,0.009390501015726497,50,0.10147922376221803,0.6230235040066577,30,0.4702627143647234,3.554812765190895,240,0.6689007455563358,0.36856982023699913,0.23420341234178724
56,0.0,0.0,-100.0,100.0,488,3,0.01860460963692817,0.7874772639179881,0.7074097511688326,13,0.5967518552547519,0.14821691630007547,54,0.1498853605925049,0.6726390867205703,30,0.21555950571043878,6.0126084038369445,440,0.4742044305229593,0.3802176541240374,0.251663766060598
57,0.0,0.0,-100.0,100.0,455,7,0.056896795501804744,0.9652962210225885,0.5808143570473069,11,1.5602015889668863,0.3979749374103114,19,0.08628291372265715,0.6020246335384875,12,3.7212328343723002,0.002376444955386536,331,0.4672807928381679,0.48487168853901436,0.4170578538830306
58,0.0,0.0,-100.0,100.0,402,5,0.06730728319198831,0.7809758064530774,0.5681857377933849,1,0.09850790683119273,0.04739164656764018,59,0.032697190067634524,0.8322353401112174,21,1.8611194462546792,1.3633647183120066,259,0.6883210952408365,0.544945483498698,0.5798082494630568
59,0.0,0.0,-100.0,100.0,353,5,0.010334626163853574,0.9879515306830556,0.8362592280385193,16,0.12906379659404604,9.37258061358119,18,0.03814902111569711,0.6230235040066577,30,0.32930213963426724,0.6067290033535007,237,0.4351201049282818,0.25719667282113434,0.5604632041963955
60,0.0,0.0,-100.0,100.0,260,5,0.07639991924189383,0.9018171496338729,0.5515619344179663,19,0.031134168041628628,2.022226812842965,46,0.030248837295737116,0.7556806714936652,5,4.18338568214604,0.43221095215763256,228,0.6850185901152415,0.29242991863522855,0.46875709743949134
61,0.0,0.0,-100.0,100.0,273,3,0.05243180891902853,0.6557975442608167,0.5257393756249946,8,4.295992790539128,1.382623217936987,24,0.03763926317321749,0.703769373372517,16,0.4881375191603672,0.004809461967501573,126,0.51390772245018,0.3471132530877013,0.4529223322374318
62,0.0,0.0,-100.0,100.0,416,5,0.012653952242683937,0.8148426167274191,0.7934205590104395,15,0.053289075388123004,0.0032383308053152635,28,0.02673116675313466,0.8583668965326405,31,0.026569715465884425,8.832039346746855,342,0.47116803752079833,0.24071298904816152,0.2611436556737328
63,0.0,0.0,-100.0,100.0,118,3,0.01657371422640197,0.7140380674775388,0.5866867976473774,18,0.0020937989739527717,0.125327263862507,35,0.143010163916306,0.8334624447403488,8,7.548866292494031,2.897533752132412,427,0.47737084811348196,0.3238110465145311,0.5255180078827795
64,0.0,0.0,-100.0,100.0,169,5,0.04945847510679694,0.8463400392208866,0.6603900324858679,4,0.0315101491238403,0.3187422711813415,28,0.010459448854330408,0.8634774526475779,12,0.38079493367685613,0.371259104528773,110,0.575732674382039,0.576092096569983,0.43018967115035156
65,0.0,0.0,-100.0,100.0,102,7,0.012707942999213693,0.6783931449676581,0.8856351733429728,7,0.03586816498627549,0.01217295809836997,45,0.026276920623647244,0.7323592099410596,7,0.017535949529764425,0.01998634077852888,392,0.591267241406564,0.5548850970305306,0.279486272613669
66,0.0,0.0,-100.0,100.0,214,6,0.010861031602050668,0.6149392754996857,0.5758374398663756,9,0.003222864528968034,0.9457692079529042,16,0.01794011505458177,0.8491561903276001,45,0.023352156626184447,1.927654598568243,144,0.591228970449462,0.25099546493279296,0.5903408317850138
67,0.0,0.0,-100.0,100.0,419,5,0.035006899814676765,0.8889010273572264,0.8600182682730372,11,0.5967518552547519,0.14821691630007547,27,0.025501753071990933,0.6726390867205703,46,0.21555950571043878,0.04012413353131992,351,0.5004716843971259,0.2557088290653549,0.4344919328067189
68,0.0,0.0,-100.0,100.0,455,7,0.07259248719561363,0.8394633936788146,0.5780093202212182,4,0.0017073967431528124,2.9154431891537547,19,0.06030296011074978,0.6020246335384875,12,0.15665171630946467,0.5855726588796256,361,0.45502135295603013,0.48487168853901436,0.4099025726528951
69,0.0,0.0,-100.0,100.0,347,6,0.012557907492033553,0.880387652583648,0.5363815031820968,10,0.6682960721831002,0.002115412774188856,19,0.013795603784069585,0.7497083183024481,34,0.9642275078930685,0.16150602315370222,485,0.5124611738571112,0.3505038342123663,0.23340028667946752
70,0.0,0.0,-100.0,100.0,441,8,0.01019005058575656,0.8042989210310263,0.9680773870803905,5,0.0030162092627967776,0.0024474057445796832,45,0.032578013486953904,0.6560336060946096,37,3.2321558056178983,7.711312991331111,485,0.6107452251961327,0.3988994023569542,0.32035132392670784
71,0.0,0.0,-100.0,100.0,424,7,0.07259248719561363,0.8394633936788146,0.5780093202212182,6,0.0017073967431528124,2.9154431891537547,49,0.06803900745073706,0.608233797718321,49,2.1368329072358767,0.002376444955386536,172,0.45502135295603013,0.3216968971838151,0.4099025726528951
72,0.0,0.0,-100.0,100.0,488,8,0.0872517840862833,0.7874772639179881,0.9742266534810784,6,0.0016807456139662953,0.009390501015726497,52,0.1498853605925049,0.9320879458267967,11,0.4702627143647234,6.0126084038369445,217,0.4742044305229593,0.3802176541240374,0.23420341234178724
73,0.0,0.0,-100.0,100.0,178,5,0.012653952242683937,0.6097263865725815,0.7934205590104395,15,5.77875573445746,0.0032383308053152635,28,0.027248362720711256,0.8583668965326405,31,0.05161032492347072,2.9776380369777837,342,0.47116803752079833,0.24071298904816152,0.3540390914407701
74,0.0,0.0,-100.0,100.0,374,3,0.0374337703461252,0.9290148971692676,0.974899956645962,15,0.28422402394344276,0.04709471197589549,60,0.10436867506163451,0.6180874680424757,6,0.03205187700424883,3.786246697870458,495,0.44512506733105844,0.43765228614085405,0.3523563426524086
75,0.0,0.0,-100.0,100.0,214,6,0.010861031602050668,0.6149392754996857,0.9113002803298291,8,0.003222864528968034,0.12273630375458194,52,0.08723741235877071,0.9002459006563434,24,0.001609633064821938,0.04471679901231309,249,0.632923888222599,0.33632141610120714,0.5723029302414259
76,0.0,0.0,-100.0,100.0,109,3,0.056896795501804744,0.7140380674775388,0.5866867976473774,18,0.2665116749055355,0.0010883991813938126,19,0.020700893634909345,0.6020246335384875,12,0.15665171630946467,0.5855726588796256,427,0.47737084811348196,0.48487168853901436,0.4674572879697724
77,0.0,0.0,-100.0,100.0,302,5,0.010502658125472084,0.7314658181479664,0.8362592280385193,16,0.6117912981900522,4.897760278488446,49,0.03814902111569711,0.6230235040066577,32,0.05836090333829237,0.8826264591983531,240,0.6776705538720329,0.38033574856165286,0.5046042526869889
78,0.0,0.0,-100.0,100.0,411,4,0.08614132208903387,0.9625417540378944,0.719485710352818,2,0.0011102341430568343,0.07492772870670285,55,0.013795603784069585,0.6470104987108419,29,0.9642275078930685,0.2155137879975578,354,0.5124611738571112,0.4640789506870925,0.3119735587783771
79,0.0,0.0,-100.0,100.0,222,3,0.06378528225249058,0.7760609974958406,0.5610191174223894,10,0.0013726318898045872,4.337920697490942,27,0.06014321882783976,0.7246844304357644,28,0.1537592023548176,0.0054880470007660455,488,0.6325398470083343,0.5757995766256756,0.5579309401710595
80,0.0,0.0,-100.0,100.0,189,8,0.06781546492336318,0.9879515306830556,0.5215799559752881,2,0.12906379659404604,9.37258061358119,18,0.044810850073941595,0.9877210142476396,29,0.32930213963426724,0.010753522341516513,282,0.44180682222184725,0.5548850970305306,0.3888859700647797
81,0.0,0.0,-100.0,100.0,402,6,0.06730728319198831,0.7809758064530774,0.5681857377933849,4,0.09850790683119273,0.22891315306837046,34,0.026681380547698075,0.8322353401112174,21,0.1137517159258866,1.3633647183120066,259,0.586626010068362,0.25946509110124516,0.3658496494908095
82,0.0,0.0,-100.0,100.0,374,3,0.117851061688318,0.9290148971692676,0.974899956645962,11,0.28422402394344276,0.03944671255903532,17,0.024786918908397647,0.6180874680424757,6,0.02157727947769347,1.7466799020707342,495,0.44512506733105844,0.5339720947197196,0.3523563426524086
83,0.0,0.0,-100.0,100.0,353,5,0.022122929005824552,0.7314658181479664,0.8175468254338218,20,1.4666151770108542,1.4403650379563882,19,0.03814902111569711,0.6230235040066577,12,0.0019154683907246354,0.371259104528773,240,0.5577070546908057,0.25719667282113434,0.5046042526869889
84,0.0,0.0,-100.0,100.0,488,7,0.09681687526869776,0.9396893641976711,0.7074097511688326,12,0.0023697311169867336,0.029570809414943493,54,0.1498853605925049,0.9986547348295621,23,3.6998679204890905,6.0126084038369445,440,0.5507911279315576,0.4307615538505436,0.39700707752754555
85,0.0,0.0,-100.0,100.0,302,6,0.117851061688318,0.9488495635776606,0.9660591412418063,12,0.28422402394344276,4.897760278488446,60,0.015918806636068244,0.8305153440667252,32,0.03205187700424883,1.7466799020707342,495,0.44512506733105844,0.43765228614085405,0.3523563426524086
86,0.0,0.0,-100.0,100.0,488,6,0.09681687526869776,0.7874772639179881,0.7074097511688326,6,0.009861808369679778,2.8766664283743464,16,0.04679961464066568,0.9049834742962762,30,1.1911039386071296,6.0126084038369445,144,0.4816921979558107,0.25099546493279296,0.251663766060598
87,0.0,0.0,-100.0,100.0,419,3,0.01860460963692817,0.8889010273572264,0.5335382386942138,15,0.006912296717033066,3.910363745774179,15,0.025501753071990933,0.6726390867205703,46,0.21555950571043878,0.04012413353131992,410,0.5359866504244083,0.26134056124643207,0.3763050987752913
88,0.0,0.0,-100.0,100.0,419,3,0.01860460963692817,0.8889010273572264,0.8600182682730372,4,0.5967518552547519,0.14821691630007547,27,0.06803900745073706,0.608233797718321,46,2.1368329072358767,0.0070689749506246055,285,0.6841850018835445,0.26134056124643207,0.5657195226241996
89,0.0,0.0,-100.0,100.0,147,4,0.015824825794808296,0.82272050498334,0.9680773870803905,14,0.19065345519393517,0.3187422711813415,39,0.14601372452277295,0.6560336060946096,28,0.20233261852066417,0.371259104528773,110,0.6107452251961327,0.3437964604879021,0.31743673770579733
90,0.0,0.0,-100.0,100.0,494,3,0.021004577464893023,0.9290148971692676,0.974899956645962,11,0.23179376139410873,0.04709471197589549,17,0.10436867506163451,0.9211413794392046,6,0.03205187700424883,1.7466799020707342,315,0.6759566849238281,0.3385383977463845,0.3523563426524086
91,0.0,0.0,-100.0,100.0,482,6,0.012769944487690825,0.8446882984937409,0.709800031213895,12,0.001455796149025199,1.0749405395173413,48,0.010459448854330408,0.8048372233197124,15,0.38079493367685613,0.004982711200081134,377,0.5160206038901612,0.5746919954946939,0.2550083776583973
92,0.0,0.0,-100.0,100.0,260,7,0.015225679942518378,0.8916028672163949,0.9308928105067587,14,0.031134168041628628,2.0843335294724215,46,0.054082340576877566,0.6101545422641379,7,0.7309520953510943,0.01998634077852888,110,0.46659164857988483,0.5548850970305306,0.3888859700647797
93,0.0,0.0,-100.0,100.0,472,6,0.04701849108440487,0.7032977553195834,0.7295678781191306,4,0.09342699405616657,0.050320593472868026,39,0.01916166146777288,0.6825685087042412,33,0.014273228319112995,0.004051452710153361,161,0.5443420305564453,0.27275203375965795,0.3382669133295453
94,0.0,0.0,-100.0,100.0,273,4,0.05243180891902853,0.6557975442608167,0.6460723242676091,8,0.06672367170464207,0.0011065812688893486,24,0.04025192252635066,0.836965827544817,7,0.26926469100861794,0.004809461967501573,126,0.6846656611759999,0.5862528132298237,0.5233589392465845
95,0.0,0.0,-100.0,100.0,488,8,0.029422389117085355,0.8463400392208866,0.8175468254338218,1,0.0016807456139662953,2.8766664283743464,39,0.1498853605925049,0.9986547348295621,30,0.0019154683907246354,0.371259104528773,110,0.575732674382039,0.576092096569983,0.43018967115035156
96,0.0,0.0,-100.0,100.0,118,4,0.13115070785315439,0.9561055135563665,0.8856351733429728,13,0.02715581955282941,0.0029072088906598446,37,0.026036012222597115,0.7323592099410596,7,0.017535949529764425,0.01998634077852888,392,0.591267241406564,0.5548850970305306,0.3888859700647797
97,0.0,0.0,-100.0,100.0,428,3,0.01019005058575656,0.9509357413523924,0.7087055015743895,14,0.0035281132746849977,0.16626592254031874,61,0.02399474524018595,0.6372411071223597,37,3.996430167694254,7.711312991331111,485,0.47553468874760924,0.4903822715480957,0.32035132392670784
98,0.0,0.0,-100.0,100.0,178,7,0.035006899814676765,0.7205511496656568,0.8738046900881256,4,0.0084888875490017,6.542056762893131,33,0.027248362720711256,0.606182646611547,47,0.002934892259480898,7.355619850853311,460,0.655902836640208,0.2557088290653549,0.3540390914407701
99,0.0,0.0,-100.0,100.0,236,3,0.12232749481397436,0.9509357413523924,0.5515619344179663,19,0.10495653625093643,2.022226812842965,30,0.11303606781810199,0.7556806714936652,45,4.18338568214604,0.0023181776112903506,228,0.6850185901152415,0.5802428587750224,0.42937515524931447
100,0.0,0.0,-100.0,100.0,472,3,0.04701849108440487,0.8010716092915446,0.8847464665959685,6,4.295992790539128,0.050320593472868026,39,0.03763926317321749,0.6459347298956813,16,0.4881375191603672,0.21132597710340592,195,0.6184649045835579,0.3471132530877013,0.22072941472897079
101,0.0,0.0,-100.0,100.0,455,7,0.04701849108440487,0.7119916374641136,0.5808143570473069,4,0.01971137615017176,0.0010883991813938126,19,0.019279508914335386,0.6020246335384875,12,0.014273228319112995,0.21132597710340592,361,0.4672807928381679,0.4130357730206343,0.29489963499872
102,0.0,0.0,-100.0,100.0,260,6,0.012769944487690825,0.6727712521981084,0.6603900324858679,4,0.24527450543222423,0.2309786149269357,46,0.010459448854330408,0.6101545422641379,15,0.7309520953510943,0.43221095215763256,377,0.46659164857988483,0.29242991863522855,0.46875709743949134
103,0.0,0.0,-100.0,100.0,169,4,0.015824825794808296,0.8463400392208866,0.9680773870803905,1,0.0315101491238403,0.0024474057445796832,45,0.10169748566247801,0.6560336060946096,28,0.0019154683907246354,0.371259104528773,379,0.575732674382039,0.576092096569983,0.31743673770579733
104,0.0,0.0,-100.0,100.0,347,3,0.013771226485967965,0.8786948661456602,0.5363815031820968,18,0.6682960721831002,1.636529060071807,19,0.016169072056541535,0.7497083183024481,22,1.7831926649375947,0.04471679901231309,249,0.632923888222599,0.3505038342123663,0.23340028667946752
105,0.0,0.0,-100.0,100.0,424,7,0.05210786568543147,0.9652962210225885,0.7556711994304689,6,4.295992790539128,0.009083381663660588,22,0.08628291372265715,0.8402067441734613,20,0.03179302199939539,1.1129571947046013,331,0.6184649045835579,0.38623920725298405,0.4529223322374318
106,0.0,0.0,-100.0,100.0,351,3,0.10651436531978295,0.9683489602127253,0.5305389799274318,15,0.28422402394344276,0.9840989343758322,24,0.10436867506163451,0.8660146698185022,6,0.00502904028446704,1.7466799020707342,495,0.44512506733105844,0.43765228614085405,0.3009747777376083
107,0.0,0.0,-100.0,100.0,134,8,0.012707942999213693,0.9657647783699839,0.522613644455269,9,0.03586816498627549,3.910363745774179,25,0.026276920623647244,0.6146198671392379,26,0.18170401889219123,0.0018316165443932743,410,0.6960660809801551,0.409756107731032,0.279486272613669
108,0.0,0.0,-100.0,100.0,395,5,0.018371971752367027,0.7809758064530774,0.5704285101898999,4,0.0020937989739527717,0.125327263862507,59,0.026681380547698075,0.753255411299799,23,7.548866292494031,0.45097190641534857,427,0.6883210952408365,0.40756708211313497,0.4674572879697724
109,0.0,0.0,-100.0,100.0,395,7,0.018371971752367027,0.7809758064530774,0.5704285101898999,1,0.2665116749055355,0.0010883991813938126,19,0.026681380547698075,0.8322353401112174,34,0.001128178519096982,0.5855726588796256,171,0.6883210952408365,0.2665133475024318,0.49521344657054817
110,0.0,0.0,-100.0,100.0,169,5,0.029422389117085355,0.6331194671700505,0.8175468254338218,1,0.12906379659404604,0.3187422711813415,18,0.10169748566247801,0.9877210142476396,12,0.32930213963426724,0.25858804207539976,282,0.575732674382039,0.576092096569983,0.5604632041963955
111,0.0,0.0,-100.0,100.0,169,4,0.029422389117085355,0.7083329005048297,0.8175468254338218,1,0.0315101491238403,7.089141723796888,39,0.10169748566247801,0.763581177765708,12,0.0019154683907246354,0.371259104528773,320,0.6143787768100186,0.576092096569983,0.43018967115035156
112,0.0,0.0,-100.0,100.0,198,6,0.010502658125472084,0.7140380674775388,0.6226745548406605,18,0.6117912981900522,0.125327263862507,49,0.015114710559628541,0.6448155608672209,23,0.04971903435982885,2.897533752132412,474,0.6776705538720329,0.2683550349560263,0.3557182456167906
113,0.0,0.0,-100.0,100.0,339,8,0.012707942999213693,0.6783931449676581,0.522613644455269,7,0.03586816498627549,0.01217295809836997,55,0.026276920623647244,0.7123738038749523,29,0.0036618192203924276,1.6172900811143154,129,0.6960660809801551,0.508897907718663,0.279486272613669
114,0.0,0.0,-100.0,100.0,302,6,0.010502658125472084,0.6727712521981084,0.9308928105067587,12,0.6117912981900522,0.012105387404469587,46,0.030248837295737116,0.8305153440667252,32,0.7309520953510943,0.43221095215763256,110,0.46659164857988483,0.29242991863522855,0.2452952183363021
115,0.0,0.0,-100.0,100.0,236,7,0.12232749481397436,0.9509357413523924,0.6289708138575778,14,0.2665116749055355,0.0010883991813938126,19,0.06030296011074978,0.6372411071223597,12,3.996430167694254,0.014281536924924875,235,0.4672807928381679,0.34226908658597965,0.5588441039810308
116,0.0,0.0,-100.0,100.0,482,7,0.01857397279030712,0.8686802737623427,0.8090641202289479,8,0.002845970334341385,0.48561577077656753,40,0.08096865213202142,0.8080654004447974,44,0.1612973956072272,0.17528787903404122,451,0.5210448598637191,0.31884868624927,0.2115130705253356
117,0.0,0.0,-100.0,100.0,347,8,0.07259248719561363,0.8394633936788146,0.7832023201484486,4,0.6682960721831002,0.002115412774188856,19,0.1446699009485436,0.7497083183024481,49,2.1368329072358767,0.0070689749506246055,172,0.45502135295603013,0.3904201608796398,0.4099025726528951
118,0.0,0.0,-100.0,100.0,276,8,0.07259248719561363,0.8394633936788146,0.5780093202212182,4,0.0084888875490017,3.965503094323014,44,0.06803900745073706,0.608233797718321,33,0.002934892259480898,5.745508803834169,351,0.45502135295603013,0.2557088290653549,0.4099025726528951
119,0.0,0.0,-100.0,100.0,374,3,0.12232749481397436,0.9509357413523924,0.6289708138575778,14,1.857328833311487,0.04709471197589549,60,0.10436867506163451,0.6372411071223597,46,3.996430167694254,1.7466799020707342,235,0.5047628723837982,0.43765228614085405,0.5588441039810308
120,0.0,0.0,-100.0,100.0,191,3,0.021390154489226144,0.6644885149016018,0.9648488261712865,17,0.34167643418329696,0.4515279736389136,59,0.027248362720711256,0.606182646611547,47,5.588805005991983,3.840300419098857,486,0.655902836640208,0.31777955682783426,0.3708431154505025
121,0.0,0.0,-100.0,100.0,393,3,0.01789738170102166,0.9290148971692676,0.5363815031820968,17,0.6682960721831002,0.04709471197589549,60,0.1446699009485436,0.6180874680424757,22,0.03205187700424883,6.151688122361409,495,0.44512506733105844,0.3505038342123663,0.23340028667946752
122,0.0,0.0,-100.0,100.0,419,8,0.012707942999213693,0.8889010273572264,0.522613644455269,7,0.0013327004373604836,0.01217295809836997,27,0.026276920623647244,0.7123738038749523,29,0.21555950571043878,1.6172900811143154,285,0.6960660809801551,0.26134056124643207,0.279486272613669
123,0.0,0.0,-100.0,100.0,205,7,0.07847885275945195,0.8245108790277985,0.5515619344179663,19,0.10495653625093643,0.05130551760589835,44,0.11303606781810199,0.7556806714936652,5,0.018089390092767135,0.0023181776112903506,463,0.6850185901152415,0.3641531692142519,0.5022204554172194
124,0.0,0.0,-100.0,100.0,250,8,0.011494271462249071,0.8394633936788146,0.5704285101898999,4,0.0017073967431528124,0.09670857606743159,59,0.06803900745073706,0.8322353401112174,49,2.1368329072358767,0.45097190641534857,172,0.45502135295603013,0.25946509110124516,0.3658496494908095
125,0.0,0.0,-100.0,100.0,307,4,0.07259248719561363,0.8394633936788146,0.719485710352818,2,0.0012629989039319985,2.9154431891537547,55,0.06584596704666365,0.763581177765708,49,2.1368329072358767,0.0070689749506246055,320,0.45502135295603013,0.4640789506870925,0.4099025726528951
126,0.0,0.0,-100.0,100.0,189,8,0.05034329739423243,0.9879515306830556,0.7934205590104395,15,0.053289075388123004,9.37258061358119,18,0.02673116675313466,0.8583668965326405,31,0.32930213963426724,0.6067290033535007,282,0.47116803752079833,0.4337257247692401,0.5604632041963955
127,0.0,0.0,-100.0,100.0,426,4,0.013771226485967965,0.8786948661456602,0.8144714233899419,18,0.02172578929502367,1.636529060071807,28,0.016169072056541535,0.9002459006563434,42,9.162638829638215,0.04471679901231309,249,0.632923888222599,0.33632141610120714,0.5723029302414259
128,0.0,0.0,-100.0,100.0,214,3,0.010861031602050668,0.6149392754996857,0.9113002803298291,8,0.003222864528968034,0.002115412774188856,52,0.01794011505458177,0.8491561903276001,8,0.001609633064821938,0.13348071559960692,409,0.6260134555776824,0.49043653348906463,0.23340028667946752
129,0.0,0.0,-100.0,100.0,147,3,0.07847885275945195,0.8245108790277985,0.5215799559752881,10,0.12329098365270515,9.37258061358119,16,0.013393379176672826,0.9877210142476396,29,0.32930213963426724,0.1082138291061399,463,0.4747876687446625,0.3641531692142519,0.5022204554172194
130,0.0,0.0,-100.0,100.0,230,3,0.058080129250500365,0.9396893641976711,0.9648488261712865,12,0.34167643418329696,3.06085221067225,54,0.01936217258426112,0.9892042219009782,23,3.6998679204890905,0.33462201030483824,418,0.43301557735830304,0.4307615538505436,0.3708431154505025
131,0.0,0.0,-100.0,100.0,147,7,0.07847885275945195,0.8786948661456602,0.8144714233899419,18,0.871533680689944,0.001997795943403577,16,0.07184828913869896,0.6125716742746937,42,9.162638829638215,0.1082138291061399,463,0.4747876687446625,0.3641531692142519,0.5022204554172194
132,0.0,0.0,-100.0,100.0,189,8,0.010334626163853574,0.9879515306830556,0.5215799559752881,6,4.295992790539128,0.009083381663660588,22,0.03763926317321749,0.9942601816442402,29,0.32930213963426724,1.1129571947046013,282,0.6184649045835579,0.3471132530877013,0.4529223322374318
133,0.0,0.0,-100.0,100.0,214,3,0.0379117359350621,0.7032977553195834,0.7477456581030992,6,0.09342699405616657,0.009083381663660588,46,0.03763926317321749,0.9942601816442402,36,0.4881375191603672,1.1129571947046013,155,0.6184649045835579,0.27275203375965795,0.37393093544149847
134,0.0,0.0,-100.0,100.0,255,6,0.034589733737449994,0.818246715726374,0.9707324043882626,8,0.10495653625093643,4.182178526757455,30,0.11303606781810199,0.7556806714936652,16,4.18338568214604,0.0023181776112903506,128,0.6850185901152415,0.5379501243877818,0.20930877429433037
135,0.0,0.0,-100.0,100.0,402,6,0.021390154489226144,0.6097263865725815,0.5681857377933849,17,5.77875573445746,6.542056762893131,34,0.027248362720711256,0.9616634777974994,21,0.1137517159258866,7.355619850853311,259,0.655902836640208,0.544945483498698,0.3540390914407701
136,0.0,0.0,-100.0,100.0,222,6,0.06378528225249058,0.9154388844898123,0.5610191174223894,10,0.009861808369679778,4.337920697490942,27,0.06014321882783976,0.9049834742962762,45,0.1537592023548176,1.927654598568243,488,0.6325398470083343,0.25099546493279296,0.5579309401710595
137,0.0,0.0,-100.0,100.0,222,4,0.06378528225249058,0.7760609974958406,0.5610191174223894,17,0.0013726318898045872,1.5172922775770448,24,0.06014321882783976,0.6657063191723972,42,0.1537592023548176,0.12366924205139143,488,0.6631601622439325,0.35697804296905417,0.5266397757886307
138,0.0,0.0,-100.0,100.0,230,7,0.058080129250500365,0.9396893641976711,0.8288064461501716,8,0.0023697311169867336,0.12273630375458194,27,0.01936217258426112,0.8491561903276001,23,0.001609633064821938,0.13348071559960692,316,0.591228970449462,0.5197663515875917,0.39700707752754555
139,0.0,0.0,-100.0,100.0,386,8,0.06561852245525633,0.7088580548919851,0.553586005669888,8,6.994589881535456,0.00933000796578103,24,0.02777925576810135,0.6080284791110905,5,0.007011194706512118,0.22957398214549485,148,0.508292169082008,0.43743698142161946,0.4716409276577958
140,0.0,0.0,-100.0,100.0,222,3,0.06378528225249058,0.7760609974958406,0.5610191174223894,10,0.0013726318898045872,4.337920697490942,16,0.06014321882783976,0.9049834742962762,9,0.023352156626184447,0.0054880470007660455,144,0.6539356875203555,0.5757995766256756,0.5579309401710595
141,0.0,0.0,-100.0,100.0,426,8,0.013771226485967965,0.9959840929559781,0.6611769224873615,18,0.871533680689944,0.532121600776355,28,0.016169072056541535,0.7886304754200634,11,9.162638829638215,0.04471679901231309,249,0.632923888222599,0.33632141610120714,0.4923469900814577
142,0.0,0.0,-100.0,100.0,169,5,0.029422389117085355,0.8463400392208866,0.8175468254338218,1,0.0315101491238403,0.3187422711813415,39,0.10169748566247801,0.8634774526475779,12,0.0019154683907246354,0.371259104528773,110,0.575732674382039,0.576092096569983,0.43018967115035156
143,0.0,0.0,-100.0,100.0,354,7,0.10465408256017024,0.9341209982356952,0.6603900324858679,4,0.001455796149025199,0.2309786149269357,48,0.08628291372265715,0.9560021367270265,15,0.38079493367685613,0.004982711200081134,331,0.5160206038901612,0.5746919954946939,0.4170578538830306
144,0.0,0.0,-100.0,100.0,426,4,0.013771226485967965,0.668927948480652,0.8144714233899419,1,0.004739584301027368,0.013012518385211495,28,0.016169072056541535,0.9002459006563434,42,9.162638829638215,0.02864701953350988,249,0.6071184485888096,0.21572485593643959,0.5723029302414259
145,0.0,0.0,-100.0,100.0,118,4,0.13115070785315439,0.7874772639179881,0.7074097511688326,13,0.012868405331151606,0.005655677524618509,54,0.1498853605925049,0.8334624447403488,8,7.899129442978694,6.0126084038369445,481,0.5608289099032361,0.3802176541240374,0.251663766060598
146,0.0,0.0,-100.0,100.0,472,3,0.0872517840862833,0.7119916374641136,0.8263730539259373,5,0.002498996057890889,0.050320593472868026,50,0.10147922376221803,0.9320879458267967,23,0.014273228319112995,0.00660597889201953,217,0.6689007455563358,0.20520076940429444,0.22072941472897079
147,0.0,0.0,-100.0,100.0,214,6,0.010861031602050668,0.9154388844898123,0.5758374398663756,7,0.009861808369679778,0.9457692079529042,16,0.01794011505458177,0.9049834742962762,8,0.023352156626184447,1.927654598568243,144,0.6539356875203555,0.49043653348906463,0.5903408317850138
148,0.0,0.0,-100.0,100.0,476,4,0.01197307433429579,0.7083329005048297,0.787236556589956,2,0.0012629989039319985,7.089141723796888,55,0.015576659406989398,0.763581177765708,12,0.004224235973517089,0.12366924205139143,320,0.6631601622439325,0.4640789506870925,0.5266397757886307
149,0.0,0.0,-100.0,100.0,260,5,0.015225679942518378,0.818246715726374,0.9707324043882626,8,6.994589881535456,4.182178526757455,46,0.012066330585890888,0.6403112005509707,12,0.002386557173672711,0.43221095215763256,110,0.4555398786515859,0.5379501243877818,0.20930877429433037
150,0.0,0.0,-100.0,100.0,426,3,0.013771226485967965,0.8786948661456602,0.8144714233899419,18,0.871533680689944,1.636529060071807,35,0.143010163916306,0.6448155608672209,23,7.548866292494031,2.897533752132412,427,0.632923888222599,0.2683550349560263,0.4674572879697724
151,0.0,0.0,-100.0,100.0,459,8,0.060968964806689584,0.8167603789513432,0.5961445094043354,15,0.006912296717033066,3.910363745774179,23,0.012715173033242561,0.6482543484402403,26,0.006688594595986198,0.0018316165443932743,410,0.5359866504244083,0.409756107731032,0.5197641595636171
152,0.0,0.0,-100.0,100.0,353,5,0.01860460963692817,0.8889010273572264,0.8362592280385193,16,1.4666151770108542,1.4403650379563882,19,0.03814902111569711,0.6230235040066577,30,0.05836090333829237,0.04012413353131992,240,0.6841850018835445,0.26134056124643207,0.5046042526869889
153,0.0,0.0,-100.0,100.0,250,8,0.10651436531978295,0.8394633936788146,0.5305389799274318,4,1.6780508579130993,0.9840989343758322,24,0.06803900745073706,0.7481888411165528,27,2.1368329072358767,3.1030112026960985,393,0.6242412814401269,0.21467328115623918,0.3009747777376083
154,0.0,0.0,-100.0,100.0,424,7,0.044871538008044144,0.9652962210225885,0.709800031213895,11,1.5602015889668863,1.0749405395173413,54,0.013693422806810726,0.618401056808701,20,0.03179302199939539,0.6525765108342366,290,0.42935024819530043,0.38623920725298405,0.4170578538830306
155,0.0,0.0,-100.0,100.0,426,7,0.058080129250500365,0.9396893641976711,0.8144714233899419,12,0.0023697311169867336,0.029570809414943493,27,0.016169072056541535,0.9002459006563434,23,3.6998679204890905,0.04471679901231309,418,0.632923888222599,0.4307615538505436,0.5723029302414259
156,0.0,0.0,-100.0,100.0,482,6,0.034589733737449994,0.8446882984937409,0.709800031213895,5,6.994589881535456,4.182178526757455,24,0.013693422806810726,0.618401056808701,6,0.002386557173672711,0.5395442811888479,290,0.5976350100132152,0.5379501243877818,0.476910625807141
157,0.0,0.0,-100.0,100.0,476,6,0.01197307433429579,0.9341209982356952,0.6603900324858679,4,0.001455796149025199,0.2309786149269357,48,0.015576659406989398,0.8048372233197124,42,0.45791923103229365,2.4933463261727327,377,0.6631601622439325,0.35697804296905417,0.5266397757886307
158,0.0,0.0,-100.0,100.0,416,5,0.012653952242683937,0.8128453941061262,0.7934205590104395,15,0.13504206358829252,0.00933000796578103,28,0.02673116675313466,0.6998672035436744,19,0.026569715465884425,8.832039346746855,342,0.6671581842219685,0.24071298904816152,0.2611436556737328
159,0.0,0.0,-100.0,100.0,169,5,0.06781546492336318,0.8916028672163949,0.8856351733429728,1,0.0315101491238403,0.3187422711813415,39,0.10169748566247801,0.7323592099410596,7,0.0019154683907246354,0.01998634077852888,110,0.591267241406564,0.5548850970305306,0.3888859700647797
160,0.0,0.0,-100.0,100.0,494,8,0.13115070785315439,0.9683367530469489,0.9349481810310641,13,0.012868405331151606,0.03944671255903532,37,0.026036012222597115,0.8334624447403488,8,7.899129442978694,0.03914486272177129,315,0.6759566849238281,0.3238110465145311,0.39576998545725617
161,0.0,0.0,-100.0,100.0,158,8,0.012707942999213693,0.7032977553195834,0.7295678781191306,7,0.03586816498627549,0.01217295809836997,55,0.026276920623647244,0.6303453312434656,29,0.0036618192203924276,0.004051452710153361,155,0.6960660809801551,0.508897907718663,0.279486272613669
162,0.0,0.0,-100.0,100.0,102,7,0.06781546492336318,0.6783931449676581,0.522613644455269,2,0.02715581955282941,0.01217295809836997,57,0.026276920623647244,0.7123738038749523,7,0.0036618192203924276,0.01998634077852888,129,0.6960660809801551,0.28848377672784087,0.279486272613669
163,0.0,0.0,-100.0,100.0,307,3,0.08614132208903387,0.7083329005048297,0.719485710352818,2,0.0012629989039319985,8.926311370835233,55,0.143010163916306,0.763581177765708,23,7.548866292494031,2.897533752132412,427,0.6143787768100186,0.5776237358746452,0.3119735587783771
164,0.0,0.0,-100.0,100.0,426,4,0.06781546492336318,0.6157707245474023,0.8856351733429728,18,0.6642027816373394,1.636529060071807,60,0.054082340576877566,0.7323592099410596,7,9.162638829638215,0.04471679901231309,249,0.632923888222599,0.33632141610120714,0.3888859700647797
165,0.0,0.0,-100.0,100.0,189,3,0.016306962970124097,0.9879515306830556,0.7839726152763147,18,0.12906379659404604,0.002115412774188856,19,0.044810850073941595,0.7497083183024481,29,4.591485216740537,6.151688122361409,495,0.6260134555776824,0.4337257247692401,0.5604632041963955
166,0.0,0.0,-100.0,100.0,411,3,0.10651436531978295,0.9625417540378944,0.5555987411530756,10,1.6780508579130993,0.07492772870670285,24,0.013795603784069585,0.6470104987108419,27,0.9642275078930685,0.2155137879975578,285,0.6242412814401269,0.21467328115623918,0.5474396512757841
167,0.0,0.0,-100.0,100.0,230,7,0.058080129250500365,0.8446882984937409,0.709800031213895,12,0.0013670484737132351,1.0749405395173413,27,0.01936217258426112,0.618401056808701,6,2.641449645424224,0.33462201030483824,379,0.42935024819530043,0.4307615538505436,0.3893887083122263
168,0.0,0.0,-100.0,100.0,219,5,0.10651436531978295,0.9683489602127253,0.5305389799274318,15,1.6780508579130993,0.9840989343758322,24,0.017628441114081333,0.8583668965326405,27,0.2971796631657384,0.029898855088295265,342,0.6242412814401269,0.24071298904816152,0.2611436556737328
169,0.0,0.0,-100.0,100.0,307,4,0.05243180891902853,0.7083329005048297,0.6460723242676091,8,0.06672367170464207,7.089141723796888,55,0.06584596704666365,0.763581177765708,12,0.004224235973517089,4.984077439553205,320,0.6846656611759999,0.5862528132298237,0.3119735587783771
170,0.0,0.0,-100.0,100.0,169,7,0.044871538008044144,0.8446882984937409,0.8175468254338218,5,0.026539376439360548,0.3187422711813415,15,0.10169748566247801,0.618401056808701,6,0.0019154683907246354,7.660074273652684,290,0.575732674382039,0.576092096569983,0.3893887083122263
171,0.0,0.0,-100.0,100.0,472,8,0.04701849108440487,0.8381540069280176,0.8847464665959685,15,0.01971137615017176,3.910363745774179,39,0.019279508914335386,0.6459347298956813,33,0.18170401889219123,0.0018316165443932743,161,0.5443420305564453,0.409756107731032,0.3763050987752913
172,0.0,0.0,-100.0,100.0,441,3,0.015824825794808296,0.6714178648217334,0.9680773870803905,14,0.002498996057890889,0.0024474057445796832,50,0.14601372452277295,0.9320879458267967,23,0.4702627143647234,0.9184900818511543,217,0.6689007455563358,0.20520076940429444,0.31743673770579733
173,0.0,0.0,-100.0,100.0,472,8,0.04701849108440487,0.7119916374641136,0.7074097511688326,4,0.0016807456139662953,2.8766664283743464,61,0.1498853605925049,0.7896856866629856,33,0.014273228319112995,2.8065359132983003,161,0.5443420305564453,0.3802176541240374,0.251663766060598
174,0.0,0.0,-100.0,100.0,482,8,0.044871538008044144,0.6149392754996857,0.709800031213895,8,0.026539376439360548,0.12273630375458194,52,0.01794011505458177,0.618401056808701,6,2.641449645424224,0.6525765108342366,290,0.591228970449462,0.49043653348906463,0.5903408317850138
175,0.0,0.0,-100.0,100.0,134,8,0.03896073685510106,0.8381540069280176,0.5335382386942138,15,0.006912296717033066,3.910363745774179,25,0.016759696952292614,0.6146198671392379,26,0.018897392912798325,2.0685303464089606,410,0.5359866504244083,0.409756107731032,0.3763050987752913
176,0.0,0.0,-100.0,100.0,411,3,0.117851061688318,0.9625417540378944,0.974899956645962,10,0.28422402394344276,0.04709471197589549,17,0.10436867506163451,0.6470104987108419,6,0.9642275078930685,0.0014061463985176647,339,0.44512506733105844,0.43765228614085405,0.3523563426524086
177,0.0,0.0,-100.0,100.0,424,7,0.10465408256017024,0.9652962210225885,0.7556711994304689,11,1.5602015889668863,0.3979749374103114,49,0.08628291372265715,0.9560021367270265,20,0.03179302199939539,0.002376444955386536,331,0.41078268213902264,0.38623920725298405,0.4170578538830306
178,0.0,0.0,-100.0,100.0,158,8,0.03896073685510106,0.7032977553195834,0.7295678781191306,15,0.09342699405616657,0.020654107883022306,26,0.016759696952292614,0.6146198671392379,10,0.003252245757497283,0.0018316165443932743,155,0.5359866504244083,0.27275203375965795,0.3382669133295453
179,0.0,0.0,-100.0,100.0,307,6,0.08614132208903387,0.9341209982356952,0.6603900324858679,2,0.0012629989039319985,0.2309786149269357,55,0.010459448854330408,0.8048372233197124,15,0.004224235973517089,0.004982711200081134,377,0.6143787768100186,0.5746919954946939,0.3119735587783771
180,0.0,0.0,-100.0,100.0,260,6,0.012769944487690825,0.9341209982356952,0.9308928105067587,19,0.031134168041628628,0.012105387404469587,20,0.030248837295737116,0.6101545422641379,15,0.0020314811950454953,0.43221095215763256,377,0.46659164857988483,0.5746919954946939,0.2550083776583973
181,0.0,0.0,-100.0,100.0,169,5,0.021390154489226144,0.8463400392208866,0.822736147953584,4,0.0315101491238403,0.3187422711813415,59,0.10169748566247801,0.606182646611547,47,0.05161032492347072,7.355619850853311,379,0.575732674382039,0.33594998550722643,0.3540390914407701
182,0.0,0.0,-100.0,100.0,250,3,0.06378528225249058,0.7760609974958406,0.5780093202212182,4,0.0013726318898045872,2.9154431891537547,44,0.06803900745073706,0.608233797718321,49,2.1368329072358767,0.0070689749506246055,172,0.6174300314586284,0.3216968971838151,0.5579309401710595
183,0.0,0.0,-100.0,100.0,147,7,0.07847885275945195,0.8245108790277985,0.8854835899772805,10,0.12329098365270515,0.05130551760589835,16,0.013393379176672826,0.6125716742746937,34,0.018089390092767135,0.1082138291061399,463,0.4747876687446625,0.3641531692142519,0.5022204554172194
184,0.0,0.0,-100.0,100.0,444,5,0.07639991924189383,0.9018171496338729,0.787236556589956,19,0.0036231766306828567,2.022226812842965,30,0.11303606781810199,0.7556806714936652,42,0.45791923103229365,0.0023181776112903506,228,0.6850185901152415,0.35697804296905417,0.5266397757886307
185,0.0,0.0,-100.0,100.0,273,4,0.011872296899907054,0.6557975442608167,0.6611769224873615,8,0.0018256829646330853,1.382623217936987,52,0.04025192252635066,0.836965827544817,23,0.26926469100861794,5.225364338164352,126,0.6846656611759999,0.2497188893942179,0.4923469900814577
186,0.0,0.0,-100.0,100.0,482,6,0.011872296899907054,0.8686802737623427,0.6611769224873615,17,0.01043668603971521,0.48561577077656753,52,0.05017940604007248,0.8080654004447974,44,0.1612973956072272,0.17528787903404122,451,0.6895080731999537,0.2497188893942179,0.2115130705253356
187,0.0,0.0,-100.0,100.0,226,6,0.060968964806689584,0.668927948480652,0.5961445094043354,7,0.009861808369679778,0.9457692079529042,16,0.04679961464066568,0.6482543484402403,29,0.023352156626184447,1.927654598568243,144,0.6539356875203555,0.21572485593643959,0.5197641595636171
188,0.0,0.0,-100.0,100.0,222,8,0.06378528225249058,0.7874772639179881,0.5610191174223894,10,0.0013726318898045872,4.337920697490942,54,0.1498853605925049,0.7246844304357644,30,0.1537592023548176,6.0126084038369445,440,0.4742044305229593,0.5162892659355853,0.5579309401710595
189,0.0,0.0,-100.0,100.0,260,7,0.015225679942518378,0.6097263865725815,0.9308928105067587,19,0.031134168041628628,6.542056762893131,46,0.030248837295737116,0.6101545422641379,12,0.05161032492347072,7.355619850853311,486,0.49562575087962096,0.31777955682783426,0.46875709743949134
190,0.0,0.0,-100.0,100.0,169,5,0.01657371422640197,0.8463400392208866,0.5866867976473774,18,0.0315101491238403,0.125327263862507,35,0.143010163916306,0.8634774526475779,12,0.0019154683907246354,2.897533752132412,110,0.47737084811348196,0.2683550349560263,0.4674572879697724
191,0.0,0.0,-100.0,100.0,236,5,0.12232749481397436,0.7314658181479664,0.6289708138575778,16,1.857328833311487,0.16626592254031874,19,0.019250426917186248,0.6372411071223597,46,3.996430167694254,3.554812765190895,240,0.4351201049282818,0.25719667282113434,0.5588441039810308
192,0.0,0.0,-100.0,100.0,347,3,0.012557907492033553,0.880387652583648,0.5363815031820968,17,0.3188346445882751,0.002115412774188856,19,0.1446699009485436,0.9543910992944749,22,1.7831926649375947,6.151688122361409,495,0.6260134555776824,0.3505038342123663,0.23340028667946752
193,0.0,0.0,-100.0,100.0,339,5,0.012707942999213693,0.7205511496656568,0.8738046900881256,11,0.0084888875490017,0.01217295809836997,33,0.04357804758682626,0.7123738038749523,29,0.0036618192203924276,1.6172900811143154,351,0.6960660809801551,0.508897907718663,0.279486272613669
194,0.0,0.0,-100.0,100.0,230,7,0.018371971752367027,0.9396893641976711,0.5704285101898999,4,0.09850790683119273,0.04739164656764018,27,0.01936217258426112,0.9892042219009782,23,0.001128178519096982,0.33462201030483824,418,0.5847589564546913,0.25946509110124516,0.3658496494908095
195,0.0,0.0,-100.0,100.0,351,3,0.06730728319198831,0.9683489602127253,0.5681857377933849,6,0.02525516645294409,0.9840989343758322,24,0.032697190067634524,0.7481888411165528,27,0.2971796631657384,0.029898855088295265,259,0.586626010068362,0.544945483498698,0.3009747777376083
196,0.0,0.0,-100.0,100.0,488,8,0.010334626163853574,0.7874772639179881,0.7074097511688326,5,0.12906379659404604,2.8766664283743464,18,0.1498853605925049,0.9986547348295621,30,0.32930213963426724,0.6067290033535007,282,0.588267424025219,0.4337257247692401,0.5604632041963955
197,0.0,0.0,-100.0,100.0,273,7,0.05243180891902853,0.8916028672163949,0.5122003907782691,8,0.06672367170464207,1.382623217936987,24,0.04025192252635066,0.7323592099410596,7,0.26926469100861794,0.004809461967501573,392,0.591267241406564,0.5548850970305306,0.5233589392465845
198,0.0,0.0,-100.0,100.0,428,6,0.06730728319198831,0.8042989210310263,0.5681857377933849,1,0.0030162092627967776,0.22891315306837046,61,0.032697190067634524,0.8075162486973464,21,0.1137517159258866,7.711312991331111,259,0.586626010068362,0.3988994023569542,0.5798082494630568
199,0.0,0.0,-100.0,100.0,273,5,0.05243180891902853,0.6557975442608167,0.8362592280385193,8,1.4666151770108542,1.382623217936987,19,0.03814902111569711,0.948039549560372,7,0.26926469100861794,3.554812765190895,126,0.6846656611759999,0.25719667282113434,0.20850776434015486
