trade_date,signal_date,zsum,d_put_oi,fx_dnet,sig,side,entry,exit,pnl_pts,pnl,ret_pct,year,note
2020-12-30,2020-12-29,0.7955855800459416,0.23590047651167345,-224.0,1.0,long,14451.0,14638.0,183.0,9150.0,1.2663483495951837,2020,v2|z|>=0.7、Wed開盤進收盤出、無止損、cost4.0pt、MXF pv50
2021-01-13,2021-01-12,-1.061799104119193,0.05470970931604436,-357.0,-1.0,short,15557.0,15764.0,-211.0,-10550.0,-1.356302629041589,2021,v2|z|>=0.7、Wed開盤進收盤出、無止損、cost4.0pt、MXF pv50
2021-01-20,2021-01-19,-1.367860834539461,0.08594820081047894,-1999.0,-1.0,short,15899.0,15736.0,159.0,7950.0,1.0000628970375496,2021,v2|z|>=0.7、Wed開盤進收盤出、無止損、cost4.0pt、MXF pv50
2021-02-03,2021-02-02,1.0891470515480184,0.22204028552986294,769.0,1.0,long,15864.0,15772.0,-96.0,-4800.0,-0.6051437216338881,2021,v2|z|>=0.7、Wed開盤進收盤出、無止損、cost4.0pt、MXF pv50
2021-03-03,2021-03-02,1.9917070600477955,0.15402404812804477,4682.0,1.0,long,16000.0,16181.0,177.0,8850.0,1.10625,2021,v2|z|>=0.7、Wed開盤進收盤出、無止損、cost4.0pt、MXF pv50
2021-03-10,2021-03-09,-1.6738854562016858,0.12450973321720413,-3731.0,-1.0,short,15977.0,15883.0,90.0,4500.0,0.5633097577768041,2021,v2|z|>=0.7、Wed開盤進收盤出、無止損、cost4.0pt、MXF pv50
2021-04-07,2021-04-06,2.9990122885809454,0.4009250882773514,695.0,1.0,long,16777.0,16768.0,-13.0,-650.0,-0.07748703582285273,2021,v2|z|>=0.7、Wed開盤進收盤出、無止損、cost4.0pt、MXF pv50
2021-04-21,2021-04-20,-2.448650432652363,0.07203713698318166,-4297.0,-1.0,short,17225.0,17138.0,83.0,4150.0,0.4818577648766328,2021,v2|z|>=0.7、Wed開盤進收盤出、無止損、cost4.0pt、MXF pv50
2021-05-05,2021-05-04,-1.2481639827981117,0.13847279155174252,-3113.0,-1.0,short,16847.0,16769.0,74.0,3700.0,0.4392473437407254,2021,v2|z|>=0.7、Wed開盤進收盤出、無止損、cost4.0pt、MXF pv50
2021-05-12,2021-05-11,-0.8219158109662872,-0.13213716501536288,5001.0,-1.0,short,16503.0,15692.0,807.0,40350.0,4.890019996364297,2021,v2|z|>=0.7、Wed開盤進收盤出、無止損、cost4.0pt、MXF pv50
2021-05-19,2021-05-18,-0.939081202727888,0.2257402697549708,-4698.0,-1.0,short,16122.0,16023.0,95.0,4750.0,0.5892569160153827,2021,v2|z|>=0.7、Wed開盤進收盤出、無止損、cost4.0pt、MXF pv50
2021-05-26,2021-05-25,1.629592140982869,0.2528634080724627,1326.0,1.0,long,16616.0,16616.0,-4.0,-200.0,-0.02407318247472316,2021,v2|z|>=0.7、Wed開盤進收盤出、無止損、cost4.0pt、MXF pv50
2021-06-16,2021-06-15,-1.3316939186138324,0.08761845062251179,-2150.0,-1.0,short,17324.0,17242.0,78.0,3900.0,0.4502424382359732,2021,v2|z|>=0.7、Wed開盤進收盤出、無止損、cost4.0pt、MXF pv50
2021-07-07,2021-07-06,-1.288322523798176,0.04592508940335027,-933.0,-1.0,short,17821.0,17830.0,-13.0,-650.0,-0.07294764603557599,2021,v2|z|>=0.7、Wed開盤進收盤出、無止損、cost4.0pt、MXF pv50
2021-07-21,2021-07-20,-1.8723526415085812,0.05105807856436697,-2572.0,-1.0,short,17655.0,17279.0,372.0,18600.0,2.1070518266779947,2021,v2|z|>=0.7、Wed開盤進收盤出、無止損、cost4.0pt、MXF pv50
2021-08-11,2021-08-10,-1.7261231433716078,0.02669041951096467,-1574.0,-1.0,short,17217.0,17171.0,42.0,2100.0,0.2439449381425335,2021,v2|z|>=0.7、Wed開盤進收盤出、無止損、cost4.0pt、MXF pv50
2021-08-18,2021-08-17,-1.0506608566803473,-0.008508914100486223,948.0,-1.0,short,16440.0,16702.0,-266.0,-13300.0,-1.6180048661800486,2021,v2|z|>=0.7、Wed開盤進收盤出、無止損、cost4.0pt、MXF pv50
2021-09-15,2021-09-14,-1.0642503921667394,0.0254425250586479,35.0,-1.0,short,17403.0,17323.0,76.0,3800.0,0.4367063150031604,2021,v2|z|>=0.7、Wed開盤進收盤出、無止損、cost4.0pt、MXF pv50
2021-09-22,2021-09-17,1.6948954540561258,0.23724743292480954,1384.0,1.0,long,16835.0,16900.0,61.0,3050.0,0.3623403623403623,2021,v2|z|>=0.7、Wed開盤進收盤出、無止損、cost4.0pt、MXF pv50
2021-10-06,2021-10-05,-1.7149278860887804,0.20564114974052863,-5972.0,-1.0,short,16470.0,16359.0,107.0,5350.0,0.6496660595021252,2021,v2|z|>=0.7、Wed開盤進收盤出、無止損、cost4.0pt、MXF pv50
2021-10-13,2021-10-12,2.552000602021204,0.15915546738938094,5510.0,1.0,long,16520.0,16318.0,-206.0,-10300.0,-1.2469733656174333,2021,v2|z|>=0.7、Wed開盤進收盤出、無止損、cost4.0pt、MXF pv50
2021-11-10,2021-11-09,2.3626135860352275,0.20780979827089338,3873.0,1.0,long,17550.0,17555.0,1.0,50.0,0.005698005698005697,2021,v2|z|>=0.7、Wed開盤進收盤出、無止損、cost4.0pt、MXF pv50
2021-11-24,2021-11-23,-1.423760088264144,0.001850682763570953,-51.0,-1.0,short,17604.0,17679.0,-79.0,-3950.0,-0.4487616450806635,2021,v2|z|>=0.7、Wed開盤進收盤出、無止損、cost4.0pt、MXF pv50
2021-12-01,2021-11-30,-0.9437206264025464,0.16854536106997337,-3314.0,-1.0,short,17350.0,17586.0,-240.0,-12000.0,-1.38328530259366,2021,v2|z|>=0.7、Wed開盤進收盤出、無止損、cost4.0pt、MXF pv50
2021-12-08,2021-12-07,-1.12761593327443,0.10729141377356964,-2188.0,-1.0,short,17945.0,17851.0,90.0,4500.0,0.5015324602953469,2021,v2|z|>=0.7、Wed開盤進收盤出、無止損、cost4.0pt、MXF pv50
2021-12-15,2021-12-14,-1.7600517052455251,-0.005451036741240748,-778.0,-1.0,short,17588.0,17597.0,-13.0,-650.0,-0.07391403229474641,2021,v2|z|>=0.7、Wed開盤進收盤出、無止損、cost4.0pt、MXF pv50
2021-12-22,2021-12-21,1.6171584791523697,0.23346320440545895,1229.0,1.0,long,17847.0,17833.0,-18.0,-900.0,-0.10085728693898136,2021,v2|z|>=0.7、Wed開盤進收盤出、無止損、cost4.0pt、MXF pv50
2021-12-29,2021-12-28,0.7302856978389589,0.1653581467480857,867.0,1.0,long,18195.0,18276.0,77.0,3850.0,0.4231931849409179,2021,v2|z|>=0.7、Wed開盤進收盤出、無止損、cost4.0pt、MXF pv50
2022-01-05,2022-01-04,2.5953225897249608,0.3554413304909119,472.0,1.0,long,18480.0,18480.0,-4.0,-200.0,-0.021645021645021644,2022,v2|z|>=0.7、Wed開盤進收盤出、無止損、cost4.0pt、MXF pv50
2022-01-12,2022-01-11,-0.9514870208426008,0.15470600325696848,-2886.0,-1.0,short,18403.0,18375.0,24.0,1200.0,0.13041351953485847,2022,v2|z|>=0.7、Wed開盤進收盤出、無止損、cost4.0pt、MXF pv50
2022-01-19,2022-01-18,-0.9906441425859353,-0.018272089599630517,1431.0,-1.0,short,18261.0,18143.0,114.0,5700.0,0.6242812551338919,2022,v2|z|>=0.7、Wed開盤進收盤出、無止損、cost4.0pt、MXF pv50
2022-01-26,2022-01-25,-3.965777072840709,-0.030822786269221015,-5587.0,-1.0,short,17683.0,17625.0,54.0,2700.0,0.30537804671153085,2022,v2|z|>=0.7、Wed開盤進收盤出、無止損、cost4.0pt、MXF pv50
2022-02-09,2022-02-08,5.515082334231959,0.6348084246900362,726.0,1.0,long,18068.0,18167.0,95.0,4750.0,0.5257914545052026,2022,v2|z|>=0.7、Wed開盤進收盤出、無止損、cost4.0pt、MXF pv50
2022-02-16,2022-02-15,1.334066571341946,0.0686980294960694,4754.0,1.0,long,18184.0,18213.0,25.0,1250.0,0.13748350197976242,2022,v2|z|>=0.7、Wed開盤進收盤出、無止損、cost4.0pt、MXF pv50
2022-02-23,2022-02-22,-1.1433068619687292,0.022698260429491877,-319.0,-1.0,short,17954.0,18042.0,-92.0,-4600.0,-0.5124206305001672,2022,v2|z|>=0.7、Wed開盤進收盤出、無止損、cost4.0pt、MXF pv50
2022-03-02,2022-03-01,2.0612334898572993,0.25793645407782406,2279.0,1.0,long,17788.0,17844.0,52.0,2600.0,0.29233190915223745,2022,v2|z|>=0.7、Wed開盤進收盤出、無止損、cost4.0pt、MXF pv50
2022-03-09,2022-03-08,2.2997391316647797,0.22820067278968048,3613.0,1.0,long,16890.0,16946.0,52.0,2600.0,0.30787448194197753,2022,v2|z|>=0.7、Wed開盤進收盤出、無止損、cost4.0pt、MXF pv50
2022-03-16,2022-03-15,-2.2578869662157643,0.02787884415705012,-3168.0,-1.0,short,17080.0,16933.0,143.0,7150.0,0.8372365339578456,2022,v2|z|>=0.7、Wed開盤進收盤出、無止損、cost4.0pt、MXF pv50
2022-03-30,2022-03-29,1.5502453820427773,0.16869799314733236,3119.0,1.0,long,17671.0,17741.0,66.0,3300.0,0.3734932940976742,2022,v2|z|>=0.7、Wed開盤進收盤出、無止損、cost4.0pt、MXF pv50
2022-04-06,2022-04-01,2.7911321865747403,0.3103786589833708,2984.0,1.0,long,17439.0,17506.0,63.0,3150.0,0.3612592465164287,2022,v2|z|>=0.7、Wed開盤進收盤出、無止損、cost4.0pt、MXF pv50
2022-04-27,2022-04-26,-0.7814916139002097,0.09776931204333397,-1015.0,-1.0,short,16221.0,16285.0,-68.0,-3400.0,-0.41920966648172125,2022,v2|z|>=0.7、Wed開盤進收盤出、無止損、cost4.0pt、MXF pv50
2022-05-04,2022-05-03,-1.1437431771237558,0.19551359443666394,-4202.0,-1.0,short,16505.0,16519.0,-18.0,-900.0,-0.10905786125416542,2022,v2|z|>=0.7、Wed開盤進收盤出、無止損、cost4.0pt、MXF pv50
2022-05-11,2022-05-10,-1.3356557628192554,0.19420982351143073,-4721.0,-1.0,short,15989.0,16010.0,-25.0,-1250.0,-0.15635749577834762,2022,v2|z|>=0.7、Wed開盤進收盤出、無止損、cost4.0pt、MXF pv50
2022-06-08,2022-06-07,-0.8540630297265686,0.12462203661935764,-1911.0,-1.0,short,16560.0,16644.0,-88.0,-4400.0,-0.5314009661835748,2022,v2|z|>=0.7、Wed開盤進收盤出、無止損、cost4.0pt、MXF pv50
2022-06-15,2022-06-14,-1.3844563406006571,0.1016832102942012,-2717.0,-1.0,short,16052.0,15546.0,502.0,25100.0,3.1273361574881635,2022,v2|z|>=0.7、Wed開盤進收盤出、無止損、cost4.0pt、MXF pv50
2022-06-22,2022-06-21,-0.8068968449157408,0.22362296222731173,-4211.0,-1.0,short,15316.0,15012.0,300.0,15000.0,1.9587359623922693,2022,v2|z|>=0.7、Wed開盤進收盤出、無止損、cost4.0pt、MXF pv50
2022-06-29,2022-06-28,-1.2187632402992283,0.04037895237811952,-876.0,-1.0,short,15020.0,15019.0,-3.0,-150.0,-0.019973368841544607,2022,v2|z|>=0.7、Wed開盤進收盤出、無止損、cost4.0pt、MXF pv50
2022-07-13,2022-07-12,0.9909209484487812,0.03604079226390025,4800.0,1.0,long,14240.0,14277.0,33.0,1650.0,0.23174157303370788,2022,v2|z|>=0.7、Wed開盤進收盤出、無止損、cost4.0pt、MXF pv50
2022-07-27,2022-07-26,-1.3231300151074725,0.04191848824012475,-1165.0,-1.0,short,14670.0,14794.0,-128.0,-6400.0,-0.87252897068848,2022,v2|z|>=0.7、Wed開盤進收盤出、無止損、cost4.0pt、MXF pv50
2022-08-10,2022-08-09,0.8991252334472473,0.09472664574373281,3181.0,1.0,long,14874.0,14876.0,-2.0,-100.0,-0.01344628210299852,2022,v2|z|>=0.7、Wed開盤進收盤出、無止損、cost4.0pt、MXF pv50
2022-08-24,2022-08-23,-2.165646708225863,0.031512516801075266,-3060.0,-1.0,short,15080.0,15035.0,41.0,2050.0,0.2718832891246684,2022,v2|z|>=0.7、Wed開盤進收盤出、無止損、cost4.0pt、MXF pv50
2022-08-31,2022-08-30,2.1281634566205776,0.21186988536919948,3405.0,1.0,long,14849.0,15039.0,186.0,9300.0,1.2526096033402923,2022,v2|z|>=0.7、Wed開盤進收盤出、無止損、cost4.0pt、MXF pv50
2022-09-14,2022-09-13,1.6349892740111243,0.19084396033328052,2689.0,1.0,long,14458.0,14577.0,115.0,5750.0,0.7954073869138193,2022,v2|z|>=0.7、Wed開盤進收盤出、無止損、cost4.0pt、MXF pv50
2022-09-21,2022-09-20,1.11188023786214,0.0683052577105188,4418.0,1.0,long,14476.0,14410.0,-70.0,-3500.0,-0.48355899419729204,2022,v2|z|>=0.7、Wed開盤進收盤出、無止損、cost4.0pt、MXF pv50
2022-10-05,2022-10-04,0.9055472296457365,0.2708321059763169,-1127.0,1.0,long,13740.0,13820.0,76.0,3800.0,0.5531295487627366,2022,v2|z|>=0.7、Wed開盤進收盤出、無止損、cost4.0pt、MXF pv50
2022-10-12,2022-10-11,1.1338376342161864,0.1615383486669308,2203.0,1.0,long,13049.0,13076.0,23.0,1150.0,0.17625871714307612,2022,v2|z|>=0.7、Wed開盤進收盤出、無止損、cost4.0pt、MXF pv50
2022-10-19,2022-10-18,0.9898462429795589,0.10020059442200281,3381.0,1.0,long,13125.0,12964.0,-165.0,-8250.0,-1.2571428571428571,2022,v2|z|>=0.7、Wed開盤進收盤出、無止損、cost4.0pt、MXF pv50
2022-10-26,2022-10-25,-0.9146083145368313,0.023042237609684362,479.0,-1.0,short,12722.0,12739.0,-21.0,-1050.0,-0.1650683854739821,2022,v2|z|>=0.7、Wed開盤進收盤出、無止損、cost4.0pt、MXF pv50
2022-11-16,2022-11-15,-1.270560201284986,0.11773242189534201,-2799.0,-1.0,short,14620.0,14497.0,119.0,5950.0,0.813953488372093,2022,v2|z|>=0.7、Wed開盤進收盤出、無止損、cost4.0pt、MXF pv50
2022-11-23,2022-11-22,-0.811201561013668,0.07900566084174256,-685.0,-1.0,short,14615.0,14600.0,11.0,550.0,0.07526513855627778,2022,v2|z|>=0.7、Wed開盤進收盤出、無止損、cost4.0pt、MXF pv50
2022-11-30,2022-11-29,1.6901101150810518,0.22498295067060695,1978.0,1.0,long,14640.0,14800.0,156.0,7800.0,1.0655737704918031,2022,v2|z|>=0.7、Wed開盤進收盤出、無止損、cost4.0pt、MXF pv50
2022-12-07,2022-12-06,-2.854668741844084,-0.09434312996517043,-1484.0,-1.0,short,14603.0,14623.0,-24.0,-1200.0,-0.1643497911388071,2022,v2|z|>=0.7、Wed開盤進收盤出、無止損、cost4.0pt、MXF pv50
2022-12-14,2022-12-13,-2.751295147612125,0.015246894372771009,-4052.0,-1.0,short,14609.0,14710.0,-105.0,-5250.0,-0.7187350263536176,2022,v2|z|>=0.7、Wed開盤進收盤出、無止損、cost4.0pt、MXF pv50
2022-12-21,2022-12-20,-2.0350392692632013,-0.1060401189889124,692.0,-1.0,short,14210.0,14165.0,41.0,2050.0,0.2885292047853624,2022,v2|z|>=0.7、Wed開盤進收盤出、無止損、cost4.0pt、MXF pv50
2023-01-11,2023-01-10,-1.7165201823053673,0.08513544936635276,-3278.0,-1.0,short,14855.0,14792.0,59.0,2950.0,0.39717266913497146,2023,v2|z|>=0.7、Wed開盤進收盤出、無止損、cost4.0pt、MXF pv50
2023-02-01,2023-01-31,2.5870739710270314,0.6213837412262785,-5510.0,1.0,long,15350.0,15383.0,29.0,1450.0,0.18892508143322478,2023,v2|z|>=0.7、Wed開盤進收盤出、無止損、cost4.0pt、MXF pv50
2023-02-22,2023-02-21,-1.0770192756975558,0.047552871167174444,-885.0,-1.0,short,15353.0,15376.0,-27.0,-1350.0,-0.17586139516706834,2023,v2|z|>=0.7、Wed開盤進收盤出、無止損、cost4.0pt、MXF pv50
2023-03-01,2023-02-24,-1.5388103205963235,0.09438053838799026,-3147.0,-1.0,short,15381.0,15544.0,-167.0,-8350.0,-1.0857551524608282,2023,v2|z|>=0.7、Wed開盤進收盤出、無止損、cost4.0pt、MXF pv50
2023-03-08,2023-03-07,1.1569017027474993,0.12804396382654173,2899.0,1.0,long,15725.0,15785.0,56.0,2800.0,0.35612082670906203,2023,v2|z|>=0.7、Wed開盤進收盤出、無止損、cost4.0pt、MXF pv50
2023-03-15,2023-03-14,-2.1828758672983923,0.02449122807017544,-3174.0,-1.0,short,15472.0,15328.0,140.0,7000.0,0.9048603929679421,2023,v2|z|>=0.7、Wed開盤進收盤出、無止損、cost4.0pt、MXF pv50
2023-03-29,2023-03-28,-1.0323844845726853,-0.0031353435972184263,380.0,-1.0,short,15730.0,15740.0,-14.0,-700.0,-0.08900190718372537,2023,v2|z|>=0.7、Wed開盤進收盤出、無止損、cost4.0pt、MXF pv50
2023-04-12,2023-04-11,1.541198373293295,0.2606366800716434,772.0,1.0,long,15957.0,15926.0,-35.0,-1750.0,-0.2193394748386288,2023,v2|z|>=0.7、Wed開盤進收盤出、無止損、cost4.0pt、MXF pv50
2023-04-19,2023-04-18,-1.438556725916058,0.04441033005670141,-1747.0,-1.0,short,15893.0,15778.0,111.0,5550.0,0.698420688353363,2023,v2|z|>=0.7、Wed開盤進收盤出、無止損、cost4.0pt、MXF pv50
2023-04-26,2023-04-25,-5.703986520518565,-0.10402279101218255,-9106.0,-1.0,short,15390.0,15375.0,11.0,550.0,0.0714749837556855,2023,v2|z|>=0.7、Wed開盤進收盤出、無止損、cost4.0pt、MXF pv50
2023-05-03,2023-05-02,1.5748571352745664,0.2388158790685006,1348.0,1.0,long,15559.0,15552.0,-11.0,-550.0,-0.07069863101741757,2023,v2|z|>=0.7、Wed開盤進收盤出、無止損、cost4.0pt、MXF pv50
2023-05-17,2023-05-16,4.911096882320068,0.09897852424299093,13344.0,1.0,long,15720.0,15876.0,152.0,7600.0,0.9669211195928753,2023,v2|z|>=0.7、Wed開盤進收盤出、無止損、cost4.0pt、MXF pv50
2023-05-24,2023-05-23,-0.9322077256564631,0.044825422220996225,-543.0,-1.0,short,16055.0,16072.0,-21.0,-1050.0,-0.13080037371535347,2023,v2|z|>=0.7、Wed開盤進收盤出、無止損、cost4.0pt、MXF pv50
2023-06-21,2023-06-20,-1.9208119889106388,-0.009030963864390576,-1909.0,-1.0,short,17157.0,17001.0,152.0,7600.0,0.8859357696566998,2023,v2|z|>=0.7、Wed開盤進收盤出、無止損、cost4.0pt、MXF pv50
2023-06-28,2023-06-27,-0.7943552601917024,0.13663616959660208,-2516.0,-1.0,short,16795.0,16776.0,15.0,750.0,0.08931229532598987,2023,v2|z|>=0.7、Wed開盤進收盤出、無止損、cost4.0pt、MXF pv50
2023-07-12,2023-07-11,1.8923056745491222,0.25140926545884207,1985.0,1.0,long,16880.0,16925.0,41.0,2050.0,0.24289099526066354,2023,v2|z|>=0.7、Wed開盤進收盤出、無止損、cost4.0pt、MXF pv50
2023-07-19,2023-07-18,-1.1720530134792644,-0.018468742282924604,406.0,-1.0,short,17287.0,17085.0,198.0,9900.0,1.1453693526927748,2023,v2|z|>=0.7、Wed開盤進收盤出、無止損、cost4.0pt、MXF pv50
2023-07-26,2023-07-25,0.930435799471744,0.19984713076199437,653.0,1.0,long,17206.0,17102.0,-108.0,-5400.0,-0.6276880158084389,2023,v2|z|>=0.7、Wed開盤進收盤出、無止損、cost4.0pt、MXF pv50
2023-08-02,2023-08-01,1.7062461356384857,0.1474772649724806,4112.0,1.0,long,17093.0,16814.0,-283.0,-14150.0,-1.6556485110864094,2023,v2|z|>=0.7、Wed開盤進收盤出、無止損、cost4.0pt、MXF pv50
2023-08-09,2023-08-08,-1.4787729296855034,0.05832337531023072,-2357.0,-1.0,short,16815.0,16852.0,-41.0,-2050.0,-0.2438299137674695,2023,v2|z|>=0.7、Wed開盤進收盤出、無止損、cost4.0pt、MXF pv50
2023-08-16,2023-08-15,2.2801478227665877,0.07184041768344589,7626.0,1.0,long,16300.0,16372.0,68.0,3400.0,0.4171779141104294,2023,v2|z|>=0.7、Wed開盤進收盤出、無止損、cost4.0pt、MXF pv50
2023-09-06,2023-09-05,-1.5485063118240592,0.06536778791858724,-2740.0,-1.0,short,16758.0,16711.0,43.0,2150.0,0.25659386561642206,2023,v2|z|>=0.7、Wed開盤進收盤出、無止損、cost4.0pt、MXF pv50
2023-09-13,2023-09-12,2.206687084221588,0.15290594534772065,5478.0,1.0,long,16570.0,16577.0,3.0,150.0,0.018105009052504527,2023,v2|z|>=0.7、Wed開盤進收盤出、無止損、cost4.0pt、MXF pv50
2023-09-20,2023-09-19,-2.2530987541339043,-0.05400980382487252,-1588.0,-1.0,short,16611.0,16564.0,43.0,2150.0,0.2588646077900187,2023,v2|z|>=0.7、Wed開盤進收盤出、無止損、cost4.0pt、MXF pv50
2023-09-27,2023-09-26,-1.5994822835156723,-0.005207784584355574,-1079.0,-1.0,short,16246.0,16311.0,-69.0,-3450.0,-0.4247199310599532,2023,v2|z|>=0.7、Wed開盤進收盤出、無止損、cost4.0pt、MXF pv50
2023-10-04,2023-10-03,-1.9174212517966644,0.02644127568230604,-2825.0,-1.0,short,16285.0,16245.0,36.0,1800.0,0.22106232729505682,2023,v2|z|>=0.7、Wed開盤進收盤出、無止損、cost4.0pt、MXF pv50
2023-10-18,2023-10-17,-1.047248375764411,0.0034538650653786742,194.0,-1.0,short,16616.0,16468.0,144.0,7200.0,0.8666345690900338,2023,v2|z|>=0.7、Wed開盤進收盤出、無止損、cost4.0pt、MXF pv50
2023-11-01,2023-10-31,-2.3378754871603125,-0.019961889412139985,-2814.0,-1.0,short,16099.0,16048.0,47.0,2350.0,0.29194359898130323,2023,v2|z|>=0.7、Wed開盤進收盤出、無止損、cost4.0pt、MXF pv50
2023-11-29,2023-11-28,1.610350723341856,0.24753975333814762,1207.0,1.0,long,17339.0,17334.0,-9.0,-450.0,-0.051906107618663135,2023,v2|z|>=0.7、Wed開盤進收盤出、無止損、cost4.0pt、MXF pv50
2023-12-06,2023-12-05,-2.4078339963503166,-0.07535081907973983,-1553.0,-1.0,short,17367.0,17381.0,-18.0,-900.0,-0.10364484366902749,2023,v2|z|>=0.7、Wed開盤進收盤出、無止損、cost4.0pt、MXF pv50
2023-12-13,2023-12-12,-1.1158940095686682,0.06381919257982044,-1615.0,-1.0,short,17491.0,17453.0,34.0,1700.0,0.19438568406609114,2023,v2|z|>=0.7、Wed開盤進收盤出、無止損、cost4.0pt、MXF pv50
2023-12-20,2023-12-19,-3.332977270969981,-0.03858633067888986,-5123.0,-1.0,short,17605.0,17660.0,-59.0,-2950.0,-0.33513206475433116,2023,v2|z|>=0.7、Wed開盤進收盤出、無止損、cost4.0pt、MXF pv50
2023-12-27,2023-12-26,0.7585374187527881,0.10775092590125496,2393.0,1.0,long,17755.0,17857.0,98.0,4900.0,0.5519571951562939,2023,v2|z|>=0.7、Wed開盤進收盤出、無止損、cost4.0pt、MXF pv50
2024-01-10,2024-01-09,-2.7879461429632078,0.03170818929550602,-5469.0,-1.0,short,17509.0,17458.0,47.0,2350.0,0.2684333771203381,2024,v2|z|>=0.7、Wed開盤進收盤出、無止損、cost4.0pt、MXF pv50
2024-01-24,2024-01-23,1.6367938184699025,0.0868423296665814,5407.0,1.0,long,17903.0,17903.0,-4.0,-200.0,-0.022342624141205386,2024,v2|z|>=0.7、Wed開盤進收盤出、無止損、cost4.0pt、MXF pv50
2024-01-31,2024-01-30,-1.7755776800646423,0.023462336291441125,-2501.0,-1.0,short,17990.0,17920.0,66.0,3300.0,0.3668704836020011,2024,v2|z|>=0.7、Wed開盤進收盤出、無止損、cost4.0pt、MXF pv50
2024-02-21,2024-02-20,1.6097762097522073,0.054667551833316314,6213.0,1.0,long,18738.0,18692.0,-50.0,-2500.0,-0.26683744262994985,2024,v2|z|>=0.7、Wed開盤進收盤出、無止損、cost4.0pt、MXF pv50
2024-03-13,2024-03-12,-1.1789646990348588,0.05103681460288937,-1552.0,-1.0,short,19994.0,19927.0,63.0,3150.0,0.31509452835850754,2024,v2|z|>=0.7、Wed開盤進收盤出、無止損、cost4.0pt、MXF pv50
2024-03-20,2024-03-19,-0.8817739362158508,0.045493630362599714,-572.0,-1.0,short,19860.0,19833.0,23.0,1150.0,0.11581067472306143,2024,v2|z|>=0.7、Wed開盤進收盤出、無止損、cost4.0pt、MXF pv50
2024-03-27,2024-03-26,-1.8536090822737155,-0.03132161955691368,-1290.0,-1.0,short,20185.0,20261.0,-80.0,-4000.0,-0.3963339113202874,2024,v2|z|>=0.7、Wed開盤進收盤出、無止損、cost4.0pt、MXF pv50
2024-04-03,2024-04-02,3.497849303384392,0.2016391241659905,7635.0,1.0,long,20370.0,20349.0,-25.0,-1250.0,-0.12272950417280314,2024,v2|z|>=0.7、Wed開盤進收盤出、無止損、cost4.0pt、MXF pv50
2024-04-10,2024-04-09,6.297868367097553,0.380646064377382,11018.0,1.0,long,20822.0,20851.0,25.0,1250.0,0.12006531553164922,2024,v2|z|>=0.7、Wed開盤進收盤出、無止損、cost4.0pt、MXF pv50
2024-04-17,2024-04-16,-2.889061045606461,-0.16906951574536552,-583.0,-1.0,short,19942.0,20185.0,-247.0,-12350.0,-1.2385919165580181,2024,v2|z|>=0.7、Wed開盤進收盤出、無止損、cost4.0pt、MXF pv50
2024-04-24,2024-04-23,1.610993787011283,0.15238147272950786,3895.0,1.0,long,19930.0,20170.0,236.0,11800.0,1.1841445057701956,2024,v2|z|>=0.7、Wed開盤進收盤出、無止損、cost4.0pt、MXF pv50
2024-05-15,2024-05-14,1.1500211380587122,0.08103995737879595,4473.0,1.0,long,21184.0,21247.0,59.0,2950.0,0.278512084592145,2024,v2|z|>=0.7、Wed開盤進收盤出、無止損、cost4.0pt、MXF pv50
2024-06-05,2024-06-04,-2.934595139288793,-0.10938851553662918,-2390.0,-1.0,short,21350.0,21463.0,-117.0,-5850.0,-0.5480093676814989,2024,v2|z|>=0.7、Wed開盤進收盤出、無止損、cost4.0pt、MXF pv50
2024-06-12,2024-06-11,-1.4156793939469092,0.15911797843231934,-5244.0,-1.0,short,21829.0,22046.0,-221.0,-11050.0,-1.012414677722296,2024,v2|z|>=0.7、Wed開盤進收盤出、無止損、cost4.0pt、MXF pv50
2024-07-10,2024-07-09,-2.492758255464442,0.04448463203135641,-5353.0,-1.0,short,23759.0,24000.0,-245.0,-12250.0,-1.0311881813207626,2024,v2|z|>=0.7、Wed開盤進收盤出、無止損、cost4.0pt、MXF pv50
2024-08-07,2024-08-06,2.805981052559702,0.2757618152406768,3921.0,1.0,long,20500.0,21131.0,627.0,31350.0,3.0585365853658537,2024,v2|z|>=0.7、Wed開盤進收盤出、無止損、cost4.0pt、MXF pv50
2024-08-21,2024-08-20,-1.1687936096083014,0.027128367097823052,-983.0,-1.0,short,22311.0,22203.0,104.0,5200.0,0.4661377795706153,2024,v2|z|>=0.7、Wed開盤進收盤出、無止損、cost4.0pt、MXF pv50
2024-09-18,2024-09-16,-0.7852835964434249,0.05082215012535024,-496.0,-1.0,short,21730.0,21692.0,34.0,1700.0,0.15646571560055225,2024,v2|z|>=0.7、Wed開盤進收盤出、無止損、cost4.0pt、MXF pv50
2024-09-25,2024-09-24,1.6750841372477625,0.14587910201839902,4113.0,1.0,long,22835.0,22792.0,-47.0,-2350.0,-0.2058243923801182,2024,v2|z|>=0.7、Wed開盤進收盤出、無止損、cost4.0pt、MXF pv50
2024-10-23,2024-10-22,-0.9688021843257932,0.06252493342102709,-1326.0,-1.0,short,23498.0,23406.0,88.0,4400.0,0.37449995744318665,2024,v2|z|>=0.7、Wed開盤進收盤出、無止損、cost4.0pt、MXF pv50
2024-10-30,2024-10-29,-0.7449218695670183,0.05715613382899628,-532.0,-1.0,short,23072.0,22904.0,164.0,8200.0,0.7108183079056866,2024,v2|z|>=0.7、Wed開盤進收盤出、無止損、cost4.0pt、MXF pv50
2024-11-20,2024-11-19,2.460565113834115,0.18737008307440484,5214.0,1.0,long,22906.0,22773.0,-137.0,-6850.0,-0.5980965685846503,2024,v2|z|>=0.7、Wed開盤進收盤出、無止損、cost4.0pt、MXF pv50
2024-11-27,2024-11-26,-2.112398091095423,-0.029306105101245712,-2119.0,-1.0,short,22600.0,22347.0,249.0,12450.0,1.1017699115044248,2024,v2|z|>=0.7、Wed開盤進收盤出、無止損、cost4.0pt、MXF pv50
2024-12-25,2024-12-24,-2.062909806269059,0.0114921473540102,-3104.0,-1.0,short,23340.0,23329.0,7.0,350.0,0.029991431019708657,2024,v2|z|>=0.7、Wed開盤進收盤出、無止損、cost4.0pt、MXF pv50
2025-01-08,2025-01-07,0.8772171133553534,0.11661159739532008,2516.0,1.0,long,23549.0,23450.0,-103.0,-5150.0,-0.4373858762580152,2025,v2|z|>=0.7、Wed開盤進收盤出、無止損、cost4.0pt、MXF pv50
2025-02-05,2025-02-04,8.673984298256794,0.9369951868454213,2425.0,1.0,long,23077.0,23133.0,52.0,2600.0,0.2253325822247259,2025,v2|z|>=0.7、Wed開盤進收盤出、無止損、cost4.0pt、MXF pv50
2025-02-26,2025-02-25,-2.554430164872999,-0.03003429260510746,-3653.0,-1.0,short,23150.0,23421.0,-275.0,-13750.0,-1.1879049676025917,2025,v2|z|>=0.7、Wed開盤進收盤出、無止損、cost4.0pt、MXF pv50
2025-03-05,2025-03-04,2.8606540115661265,0.35056892948370616,2532.0,1.0,long,22659.0,22888.0,225.0,11250.0,0.992982920693764,2025,v2|z|>=0.7、Wed開盤進收盤出、無止損、cost4.0pt、MXF pv50
2025-03-12,2025-03-11,-1.1704830032953062,0.10791091609479833,-3071.0,-1.0,short,22101.0,22232.0,-135.0,-6750.0,-0.6108320890457445,2025,v2|z|>=0.7、Wed開盤進收盤出、無止損、cost4.0pt、MXF pv50
2025-03-26,2025-03-25,1.5785829983380417,0.1343906510851419,4181.0,1.0,long,22409.0,22305.0,-108.0,-5400.0,-0.4819492168325227,2025,v2|z|>=0.7、Wed開盤進收盤出、無止損、cost4.0pt、MXF pv50
2025-04-02,2025-04-01,0.9677168278999444,0.23646758646758648,-72.0,1.0,long,21273.0,21304.0,27.0,1350.0,0.12692144972500352,2025,v2|z|>=0.7、Wed開盤進收盤出、無止損、cost4.0pt、MXF pv50
2025-05-07,2025-05-06,-1.358604658686196,0.1650259621066395,-4998.0,-1.0,short,20440.0,20381.0,55.0,2750.0,0.2690802348336595,2025,v2|z|>=0.7、Wed開盤進收盤出、無止損、cost4.0pt、MXF pv50
2025-05-14,2025-05-13,1.3427087097283956,0.26658122062792416,234.0,1.0,long,21677.0,21768.0,87.0,4350.0,0.4013470498685242,2025,v2|z|>=0.7、Wed開盤進收盤出、無止損、cost4.0pt、MXF pv50
2025-05-28,2025-05-27,-1.254470856884463,0.045590115040477205,-1750.0,-1.0,short,21420.0,21252.0,164.0,8200.0,0.7656395891690009,2025,v2|z|>=0.7、Wed開盤進收盤出、無止損、cost4.0pt、MXF pv50
2025-06-04,2025-06-03,3.1439546098284654,0.24523230686115613,5923.0,1.0,long,21280.0,21482.0,198.0,9900.0,0.9304511278195489,2025,v2|z|>=0.7、Wed開盤進收盤出、無止損、cost4.0pt、MXF pv50
2025-06-11,2025-06-10,1.5675657220160182,0.24465095719713315,1456.0,1.0,long,22296.0,22351.0,51.0,2550.0,0.228740581270183,2025,v2|z|>=0.7、Wed開盤進收盤出、無止損、cost4.0pt、MXF pv50
2025-06-25,2025-06-24,1.643525643509822,0.2999186122905247,304.0,1.0,long,22138.0,22159.0,17.0,850.0,0.07679103803414943,2025,v2|z|>=0.7、Wed開盤進收盤出、無止損、cost4.0pt、MXF pv50
2025-07-02,2025-07-01,0.796458685735028,0.23591399026098375,-516.0,1.0,long,22298.0,22396.0,94.0,4700.0,0.4215624719705804,2025,v2|z|>=0.7、Wed開盤進收盤出、無止損、cost4.0pt、MXF pv50
2025-07-09,2025-07-08,-0.7232289030247301,0.0690190324355592,-742.0,-1.0,short,22250.0,22434.0,-188.0,-9400.0,-0.8449438202247191,2025,v2|z|>=0.7、Wed開盤進收盤出、無止損、cost4.0pt、MXF pv50
2025-07-16,2025-07-15,1.9195461579036468,0.16210573409887405,4521.0,1.0,long,22849.0,22920.0,67.0,3350.0,0.2932294629961924,2025,v2|z|>=0.7、Wed開盤進收盤出、無止損、cost4.0pt、MXF pv50
2025-07-30,2025-07-29,0.7427694964352477,0.044125892140075465,4103.0,1.0,long,23213.0,23361.0,144.0,7200.0,0.6203420497135227,2025,v2|z|>=0.7、Wed開盤進收盤出、無止損、cost4.0pt、MXF pv50
2025-08-06,2025-08-05,2.549982224624044,0.26751898893097026,3751.0,1.0,long,23423.0,23425.0,-2.0,-100.0,-0.008538615890364172,2025,v2|z|>=0.7、Wed開盤進收盤出、無止損、cost4.0pt、MXF pv50
2025-08-20,2025-08-19,-1.4704436834244536,0.07620067772859866,-3007.0,-1.0,short,24156.0,23667.0,485.0,24250.0,2.007782745487664,2025,v2|z|>=0.7、Wed開盤進收盤出、無止損、cost4.0pt、MXF pv50
2025-08-27,2025-08-26,-0.7388726704611734,0.10033080219532366,-1523.0,-1.0,short,24350.0,24463.0,-117.0,-5850.0,-0.48049281314168374,2025,v2|z|>=0.7、Wed開盤進收盤出、無止損、cost4.0pt、MXF pv50
2025-09-03,2025-09-02,1.1111877656958646,0.15680005704845554,2369.0,1.0,long,23966.0,23997.0,27.0,1350.0,0.11265960110156054,2025,v2|z|>=0.7、Wed開盤進收盤出、無止損、cost4.0pt、MXF pv50
2025-09-10,2025-09-09,1.9795404811501263,0.22323691630039585,3207.0,1.0,long,24970.0,25178.0,204.0,10200.0,0.8169803764517419,2025,v2|z|>=0.7、Wed開盤進收盤出、無止損、cost4.0pt、MXF pv50
2025-09-24,2025-09-23,1.22296415934387,0.22394777914787573,1039.0,1.0,long,26376.0,26237.0,-143.0,-7150.0,-0.5421595389748256,2025,v2|z|>=0.7、Wed開盤進收盤出、無止損、cost4.0pt、MXF pv50
2025-10-01,2025-09-30,4.54287024068086,0.5182601217803792,3189.0,1.0,long,26094.0,26045.0,-53.0,-2650.0,-0.20311182647351883,2025,v2|z|>=0.7、Wed開盤進收盤出、無止損、cost4.0pt、MXF pv50
2025-10-08,2025-10-07,2.715709174722945,0.5614339809910134,-2849.0,1.0,long,27061.0,27093.0,28.0,1400.0,0.10346993828757253,2025,v2|z|>=0.7、Wed開盤進收盤出、無止損、cost4.0pt、MXF pv50
2025-10-15,2025-10-14,2.8006148345817334,0.22908289546175922,5617.0,1.0,long,26850.0,27288.0,434.0,21700.0,1.616387337057728,2025,v2|z|>=0.7、Wed開盤進收盤出、無止損、cost4.0pt、MXF pv50
2025-10-22,2025-10-21,0.7473498146774498,0.13781100316093625,1969.0,1.0,long,27690.0,27704.0,10.0,500.0,0.03611412062116288,2025,v2|z|>=0.7、Wed開盤進收盤出、無止損、cost4.0pt、MXF pv50
2025-11-12,2025-11-11,-0.7831282798339249,0.07681866492515334,-941.0,-1.0,short,27889.0,28054.0,-169.0,-8450.0,-0.6059736813797555,2025,v2|z|>=0.7、Wed開盤進收盤出、無止損、cost4.0pt、MXF pv50
2025-11-19,2025-11-18,-2.3605087240192626,-0.003978834924036648,-3521.0,-1.0,short,26807.0,26595.0,208.0,10400.0,0.7759167381654045,2025,v2|z|>=0.7、Wed開盤進收盤出、無止損、cost4.0pt、MXF pv50
2025-11-26,2025-11-25,2.046697843973535,0.31230874048754576,1482.0,1.0,long,27188.0,27329.0,137.0,6850.0,0.5038987788730322,2025,v2|z|>=0.7、Wed開盤進收盤出、無止損、cost4.0pt、MXF pv50
2025-12-03,2025-12-02,1.115455198217628,0.23617079410814973,669.0,1.0,long,27808.0,27758.0,-54.0,-2700.0,-0.1941887226697353,2025,v2|z|>=0.7、Wed開盤進收盤出、無止損、cost4.0pt、MXF pv50
2025-12-10,2025-12-09,-2.006706613467147,0.05718407386035776,-3964.0,-1.0,short,28279.0,28398.0,-123.0,-6150.0,-0.4349517309664415,2025,v2|z|>=0.7、Wed開盤進收盤出、無止損、cost4.0pt、MXF pv50
2025-12-17,2025-12-16,-0.7103590309809236,0.06746487891809325,-527.0,-1.0,short,27625.0,27692.0,-71.0,-3550.0,-0.25701357466063346,2025,v2|z|>=0.7、Wed開盤進收盤出、無止損、cost4.0pt、MXF pv50
2025-12-31,2025-12-30,-1.465567747667073,0.1261653937318936,-4086.0,-1.0,short,28842.0,29016.0,-178.0,-8900.0,-0.617155537064004,2025,v2|z|>=0.7、Wed開盤進收盤出、無止損、cost4.0pt、MXF pv50
2026-01-07,2026-01-06,-1.3910182993747482,0.14792573528633007,-4419.0,-1.0,short,30609.0,30516.0,89.0,4450.0,0.2907641543336927,2026,v2|z|>=0.7、Wed開盤進收盤出、無止損、cost4.0pt、MXF pv50
2026-01-14,2026-01-13,-0.907138421439964,0.15479335958921184,-3225.0,-1.0,short,31000.0,30982.0,14.0,700.0,0.04516129032258064,2026,v2|z|>=0.7、Wed開盤進收盤出、無止損、cost4.0pt、MXF pv50
2026-01-28,2026-01-27,1.2054044707310778,0.221095062961249,1209.0,1.0,long,32758.0,32927.0,165.0,8250.0,0.503693754197448,2026,v2|z|>=0.7、Wed開盤進收盤出、無止損、cost4.0pt、MXF pv50
2026-02-04,2026-02-03,1.9931984483426246,0.31594040195731493,1177.0,1.0,long,32110.0,32423.0,309.0,15450.0,0.9623170351915291,2026,v2|z|>=0.7、Wed開盤進收盤出、無止損、cost4.0pt、MXF pv50
2026-02-25,2026-02-24,4.919458297672211,0.6514170685435403,1480.0,1.0,long,35243.0,35490.0,243.0,12150.0,0.6894986238401952,2026,v2|z|>=0.7、Wed開盤進收盤出、無止損、cost4.0pt、MXF pv50
2026-03-04,2026-03-03,2.8188407559071647,0.43982652025468305,853.0,1.0,long,33461.0,32834.0,-631.0,-31550.0,-1.885777472281163,2026,v2|z|>=0.7、Wed開盤進收盤出、無止損、cost4.0pt、MXF pv50
2026-03-11,2026-03-10,3.623386147822827,0.42355768504103625,3606.0,1.0,long,33341.0,33985.0,640.0,32000.0,1.9195585015446448,2026,v2|z|>=0.7、Wed開盤進收盤出、無止損、cost4.0pt、MXF pv50
2026-03-18,2026-03-17,0.7326738293975744,0.12293878119235722,2354.0,1.0,long,34266.0,34551.0,281.0,14050.0,0.8200548648806397,2026,v2|z|>=0.7、Wed開盤進收盤出、無止損、cost4.0pt、MXF pv50
2026-03-25,2026-03-24,2.417555425526026,0.27746703011013596,3609.0,1.0,long,33786.0,33638.0,-152.0,-7600.0,-0.4498904871840407,2026,v2|z|>=0.7、Wed開盤進收盤出、無止損、cost4.0pt、MXF pv50
2026-04-08,2026-04-07,4.04581098141653,0.484570122338399,3505.0,1.0,long,34651.0,34996.0,341.0,17050.0,0.9840985830134773,2026,v2|z|>=0.7、Wed開盤進收盤出、無止損、cost4.0pt、MXF pv50
2026-04-22,2026-04-21,1.2454278984896157,0.2355601302667769,1323.0,1.0,long,38150.0,38206.0,52.0,2600.0,0.13630406290956748,2026,v2|z|>=0.7、Wed開盤進收盤出、無止損、cost4.0pt、MXF pv50
2026-05-06,2026-05-05,1.0051101350126268,0.4927328896352968,-5183.0,1.0,long,41650.0,41503.0,-151.0,-7550.0,-0.3625450180072029,2026,v2|z|>=0.7、Wed開盤進收盤出、無止損、cost4.0pt、MXF pv50
2026-05-13,2026-05-12,1.480132857651002,0.2745565109613448,1153.0,1.0,long,41238.0,41469.0,227.0,11350.0,0.5504631650419516,2026,v2|z|>=0.7、Wed開盤進收盤出、無止損、cost4.0pt、MXF pv50
2026-05-27,2026-05-26,-0.8635874860807051,0.16065706479576347,-2933.0,-1.0,short,44490.0,44798.0,-312.0,-15600.0,-0.7012811867835468,2026,v2|z|>=0.7、Wed開盤進收盤出、無止損、cost4.0pt、MXF pv50
