settle_wed,signal_tue,d_put_oi,fx_dnet,tue_close
2020-03-25,2020-03-24,0.4262185980692979,-4301.0,9193.0
2020-04-01,2020-03-31,0.1487480118911807,941.0,9596.0
2020-04-08,2020-04-07,0.3479949473049151,-292.0,9997.0
2020-04-15,2020-04-14,0.16356133630518757,-4056.0,10346.0
2020-04-22,2020-04-21,0.01265661653725155,8637.0,10198.0
2020-04-29,2020-04-28,0.08352671698396605,1269.0,10582.0
2020-05-06,2020-05-05,0.2503562735118389,-525.0,10725.0
2020-05-13,2020-05-12,0.027499362532608908,1665.0,10865.0
2020-05-20,2020-05-19,0.06417310488354193,1473.0,10872.0
2020-05-27,2020-05-26,0.257092382064663,1477.0,10984.0
2020-06-03,2020-06-02,0.14343170278015183,699.0,11106.0
2020-06-10,2020-06-09,0.09674372082685041,1914.0,11609.0
2020-06-17,2020-06-16,0.09836358187379352,-1391.0,11526.0
2020-06-24,2020-06-23,0.09736726208693186,588.0,11455.0
2020-07-01,2020-06-30,0.29911490437806226,-844.0,11469.0
2020-07-08,2020-07-07,0.08753345828418134,53.0,12027.0
2020-07-15,2020-07-14,0.08703428113234318,-2393.0,12188.0
2020-07-22,2020-07-21,0.348086084736208,-382.0,12289.0
2020-07-29,2020-07-28,0.036830974659109075,-3189.0,12457.0
2020-08-05,2020-08-04,0.11981867633726201,6203.0,12629.0
2020-08-12,2020-08-11,0.05650272310670957,-1196.0,12737.0
2020-08-19,2020-08-18,0.0635748509289716,-3347.0,12875.0
2020-08-26,2020-08-25,0.23010359103750955,256.0,12737.0
2020-09-02,2020-09-01,0.2146303042236881,765.0,12691.0
2020-09-09,2020-09-08,0.10701960291179388,2068.0,12667.0
2020-09-16,2020-09-15,0.0715752094545858,-378.0,12840.0
2020-09-23,2020-09-22,0.13207597255219464,-1137.0,12507.0
2020-09-30,2020-09-29,0.15872968823177203,1888.0,12421.0
2020-10-07,2020-10-06,0.31500428778425055,202.0,12675.0
2020-10-14,2020-10-13,0.1792281867080611,1941.0,12919.0
2020-10-21,2020-10-20,0.09977964835231865,-2385.0,12856.0
2020-10-28,2020-10-27,0.13101594760074042,-2995.0,12807.0
2020-11-04,2020-11-03,0.1637777792038607,3882.0,12685.0
2020-11-11,2020-11-10,0.08971828232311448,-418.0,13071.0
2020-11-18,2020-11-17,0.11141460609545716,-3281.0,13625.0
2020-11-25,2020-11-24,0.05210333707743034,544.0,13804.0
2020-12-02,2020-12-01,0.14562428661476345,-3469.0,13877.0
2020-12-09,2020-12-08,0.2194511398604074,-846.0,14342.0
2020-12-16,2020-12-15,-0.04395721155329191,4281.0,14085.0
2020-12-23,2020-12-22,0.028903029216705504,-1149.0,14046.0
2020-12-30,2020-12-29,0.23590047651167345,-224.0,14459.0
2021-01-06,2021-01-05,0.2289871743256456,-705.0,14977.0
2021-01-13,2021-01-12,0.05470970931604436,-357.0,15493.0
2021-01-20,2021-01-19,0.08594820081047894,-1999.0,15888.0
2021-01-27,2021-01-26,0.031136946909495686,1619.0,15626.0
2021-02-03,2021-02-02,0.22204028552986294,769.0,15755.0
2021-02-17,2021-02-05,0.150831031931661,-1772.0,15804.0
2021-02-24,2021-02-23,0.14692665522536355,-1605.0,16437.0
2021-03-03,2021-03-02,0.15402404812804477,4682.0,15907.0
2021-03-10,2021-03-09,0.12450973321720413,-3731.0,15822.0
2021-03-17,2021-03-16,0.058814563808821656,3404.0,16305.0
2021-03-24,2021-03-23,0.1253535278356654,-1024.0,16120.0
2021-03-31,2021-03-30,0.07212490251364809,976.0,16519.0
2021-04-07,2021-04-06,0.4009250882773514,695.0,16731.0
2021-04-14,2021-04-13,0.0910391450090464,566.0,16795.0
2021-04-21,2021-04-20,0.07203713698318166,-4297.0,17319.0
2021-04-28,2021-04-27,0.11518840807196884,-965.0,17571.0
2021-05-05,2021-05-04,0.13847279155174252,-3113.0,16933.0
2021-05-12,2021-05-11,-0.13213716501536288,5001.0,16556.0
2021-05-19,2021-05-18,0.2257402697549708,-4698.0,16147.0
2021-05-26,2021-05-25,0.2528634080724627,1326.0,16585.0
2021-06-02,2021-06-01,0.1618476513933954,-525.0,17130.0
2021-06-09,2021-06-08,0.20298307506810165,-841.0,17090.0
2021-06-16,2021-06-15,0.08761845062251179,-2150.0,17398.0
2021-06-23,2021-06-22,0.1525584947580365,402.0,17028.0
2021-06-30,2021-06-29,0.13081228377168963,732.0,17529.0
2021-07-07,2021-07-06,0.04592508940335027,-933.0,17878.0
2021-07-14,2021-07-13,0.08556757965049769,1044.0,17869.0
2021-07-21,2021-07-20,0.05105807856436697,-2572.0,17558.0
2021-07-28,2021-07-27,0.10774746157942089,-303.0,17173.0
2021-08-04,2021-08-03,0.14883904665759556,1266.0,17484.0
2021-08-11,2021-08-10,0.02669041951096467,-1574.0,17299.0
2021-08-18,2021-08-17,-0.008508914100486223,948.0,16580.0
2021-08-25,2021-08-24,0.10250426826454671,1041.0,16784.0
2021-09-01,2021-08-31,0.12099949832661,134.0,17457.0
2021-09-08,2021-09-07,0.0840290200755317,716.0,17422.0
2021-09-15,2021-09-14,0.0254425250586479,35.0,17461.0
2021-09-22,2021-09-17,0.23724743292480954,1384.0,17298.0
2021-09-29,2021-09-28,0.06370017785185886,880.0,17170.0
2021-10-06,2021-10-05,0.20564114974052863,-5972.0,16398.0
2021-10-13,2021-10-12,0.15915546738938094,5510.0,16418.0
2021-10-20,2021-10-19,0.10782901333456268,796.0,16902.0
2021-10-27,2021-10-26,0.20511134455466187,-2037.0,17048.0
2021-11-03,2021-11-02,0.1194551467830475,-359.0,17047.0
2021-11-10,2021-11-09,0.20780979827089338,3873.0,17555.0
2021-11-17,2021-11-16,0.09965514647366483,516.0,17701.0
2021-11-24,2021-11-23,0.001850682763570953,-51.0,17659.0
2021-12-01,2021-11-30,0.16854536106997337,-3314.0,17327.0
2021-12-08,2021-12-07,0.10729141377356964,-2188.0,17795.0
2021-12-15,2021-12-14,-0.005451036741240748,-778.0,17605.0
2021-12-22,2021-12-21,0.23346320440545895,1229.0,17796.0
2021-12-29,2021-12-28,0.1653581467480857,867.0,18207.0
2022-01-05,2022-01-04,0.3554413304909119,472.0,18516.0
2022-01-12,2022-01-11,0.15470600325696848,-2886.0,18280.0
2022-01-19,2022-01-18,-0.018272089599630517,1431.0,18349.0
2022-01-26,2022-01-25,-0.030822786269221015,-5587.0,17678.0
2022-02-09,2022-02-08,0.6348084246900362,726.0,17942.0
2022-02-16,2022-02-15,0.0686980294960694,4754.0,17953.0
2022-02-23,2022-02-22,0.022698260429491877,-319.0,17878.0
2022-03-02,2022-03-01,0.25793645407782406,2279.0,17911.0
2022-03-09,2022-03-08,0.22820067278968048,3613.0,16702.0
2022-03-16,2022-03-15,0.02787884415705012,-3168.0,16882.0
2022-03-23,2022-03-22,0.10196661007357102,1399.0,17520.0
2022-03-30,2022-03-29,0.16869799314733236,3119.0,17545.0
2022-04-06,2022-04-01,0.3103786589833708,2984.0,17554.0
2022-04-13,2022-04-12,0.18122699702301798,-1440.0,16999.0
2022-04-20,2022-04-19,0.08371849466832848,-302.0,17000.0
2022-04-27,2022-04-26,0.09776931204333397,-1015.0,16586.0
2022-05-04,2022-05-03,0.19551359443666394,-4202.0,16470.0
2022-05-11,2022-05-10,0.19420982351143073,-4721.0,16039.0
2022-05-18,2022-05-17,0.057518860463669726,2631.0,16075.0
2022-05-25,2022-05-24,0.03590981592447299,976.0,15926.0
2022-06-01,2022-05-31,0.09587649449181405,999.0,16682.0
2022-06-08,2022-06-07,0.12462203661935764,-1911.0,16462.0
2022-06-15,2022-06-14,0.1016832102942012,-2717.0,16055.0
2022-06-22,2022-06-21,0.22362296222731173,-4211.0,15334.0
2022-06-29,2022-06-28,0.04037895237811952,-876.0,15192.0
2022-07-06,2022-07-05,0.1698899740844239,-1021.0,14231.0
2022-07-13,2022-07-12,0.03604079226390025,4800.0,13914.0
2022-07-20,2022-07-19,0.06364067973498377,2778.0,14678.0
2022-07-27,2022-07-26,0.04191848824012475,-1165.0,14705.0
2022-08-03,2022-08-02,0.020979585249737757,2220.0,14643.0
2022-08-10,2022-08-09,0.09472664574373281,3181.0,15016.0
2022-08-17,2022-08-16,0.055027487641604526,263.0,15422.0
2022-08-24,2022-08-23,0.031512516801075266,-3060.0,15028.0
2022-08-31,2022-08-30,0.21186988536919948,3405.0,14948.0
2022-09-07,2022-09-06,0.12072939202613801,-1025.0,14634.0
2022-09-14,2022-09-13,0.19084396033328052,2689.0,14875.0
2022-09-21,2022-09-20,0.0683052577105188,4418.0,14561.0
2022-09-28,2022-09-27,0.14455047284864564,-738.0,13818.0
2022-10-05,2022-10-04,0.2708321059763169,-1127.0,13597.0
2022-10-12,2022-10-11,0.1615383486669308,2203.0,13091.0
2022-10-19,2022-10-18,0.10020059442200281,3381.0,13103.0
2022-10-26,2022-10-25,0.023042237609684362,479.0,12682.0
2022-11-02,2022-11-01,0.22472912370290354,-2692.0,13031.0
2022-11-09,2022-11-08,0.15441475103565916,107.0,13334.0
2022-11-16,2022-11-15,0.11773242189534201,-2799.0,14530.0
2022-11-23,2022-11-22,0.07900566084174256,-685.0,14505.0
2022-11-30,2022-11-29,0.22498295067060695,1978.0,14658.0
2022-12-07,2022-12-06,-0.09434312996517043,-1484.0,14675.0
2022-12-14,2022-12-13,0.015246894372771009,-4052.0,14519.0
2022-12-21,2022-12-20,-0.1060401189889124,692.0,14154.0
2022-12-28,2022-12-27,0.07874933404368674,127.0,14303.0
2023-01-04,2023-01-03,0.2641913963653094,-3277.0,14230.0
2023-01-11,2023-01-10,0.08513544936635276,-3278.0,14808.0
2023-02-01,2023-01-31,0.6213837412262785,-5510.0,15268.0
2023-02-08,2023-02-07,0.10534305956041018,-834.0,15396.0
2023-02-15,2023-02-14,0.05242232287250904,115.0,15661.0
2023-02-22,2023-02-21,0.047552871167174444,-885.0,15528.0
2023-03-01,2023-02-24,0.09438053838799026,-3147.0,15542.0
2023-03-08,2023-03-07,0.12804396382654173,2899.0,15874.0
2023-03-15,2023-03-14,0.02449122807017544,-3174.0,15352.0
2023-03-22,2023-03-21,0.1404615756096941,1336.0,15455.0
2023-03-29,2023-03-28,-0.0031353435972184263,380.0,15690.0
2023-04-12,2023-04-11,0.2606366800716434,772.0,15921.0
2023-04-19,2023-04-18,0.04441033005670141,-1747.0,15890.0
2023-04-26,2023-04-25,-0.10402279101218255,-9106.0,15388.0
2023-05-03,2023-05-02,0.2388158790685006,1348.0,15636.0
2023-05-10,2023-05-09,0.07189980803245845,1126.0,15739.0
2023-05-17,2023-05-16,0.09897852424299093,13344.0,15690.0
2023-05-24,2023-05-23,0.044825422220996225,-543.0,16133.0
2023-05-31,2023-05-30,0.06615013708389789,889.0,16576.0
2023-06-07,2023-06-06,0.11443465309668611,966.0,16747.0
2023-06-14,2023-06-13,0.15762302124746969,-1113.0,17220.0
2023-06-21,2023-06-20,-0.009030963864390576,-1909.0,17189.0
2023-06-28,2023-06-27,0.13663616959660208,-2516.0,16743.0
2023-07-05,2023-07-04,0.08144637983677015,1645.0,17106.0
2023-07-12,2023-07-11,0.25140926545884207,1985.0,16870.0
2023-07-19,2023-07-18,-0.018468742282924604,406.0,17225.0
2023-07-26,2023-07-25,0.19984713076199437,653.0,17180.0
2023-08-02,2023-08-01,0.1474772649724806,4112.0,17182.0
2023-08-09,2023-08-08,0.05832337531023072,-2357.0,16853.0
2023-08-16,2023-08-15,0.07184041768344589,7626.0,16422.0
2023-08-23,2023-08-22,0.08610775731964987,1011.0,16401.0
2023-08-30,2023-08-29,0.059103564066053174,3434.0,16624.0
2023-09-06,2023-09-05,0.06536778791858724,-2740.0,16754.0
2023-09-13,2023-09-12,0.15290594534772065,5478.0,16573.0
2023-09-20,2023-09-19,-0.05400980382487252,-1588.0,16609.0
2023-09-27,2023-09-26,-0.005207784584355574,-1079.0,16308.0
2023-10-04,2023-10-03,0.02644127568230604,-2825.0,16412.0
2023-10-11,2023-10-06,0.1287345004769084,-1464.0,16531.0
2023-10-18,2023-10-17,0.0034538650653786742,194.0,16650.0
2023-10-25,2023-10-24,0.18170839651706133,-1418.0,16335.0
2023-11-01,2023-10-31,-0.019961889412139985,-2814.0,15994.0
2023-11-08,2023-11-07,0.024661416778519622,2270.0,16709.0
2023-11-15,2023-11-14,0.07256706745659874,2106.0,16949.0
2023-11-22,2023-11-21,0.11200985047451255,573.0,17415.0
2023-11-29,2023-11-28,0.24753975333814762,1207.0,17364.0
2023-12-06,2023-12-05,-0.07535081907973983,-1553.0,17309.0
2023-12-13,2023-12-12,0.06381919257982044,-1615.0,17464.0
2023-12-20,2023-12-19,-0.03858633067888986,-5123.0,17574.0
2023-12-27,2023-12-26,0.10775092590125496,2393.0,17735.0
2024-01-03,2024-01-02,0.1949911993066662,-717.0,17798.0
2024-01-10,2024-01-09,0.03170818929550602,-5469.0,17545.0
2024-01-17,2024-01-16,-0.01400270826019359,4520.0,17333.0
2024-01-24,2024-01-23,0.0868423296665814,5407.0,17870.0
2024-01-31,2024-01-30,0.023462336291441125,-2501.0,18081.0
2024-02-21,2024-02-20,0.054667551833316314,6213.0,18753.0
2024-03-06,2024-03-05,0.10057175464900306,-656.0,19389.0
2024-03-13,2024-03-12,0.05103681460288937,-1552.0,19955.0
2024-03-20,2024-03-19,0.045493630362599714,-572.0,19867.0
2024-03-27,2024-03-26,-0.03132161955691368,-1290.0,20187.0
2024-04-03,2024-04-02,0.2016391241659905,7635.0,20523.0
2024-04-10,2024-04-09,0.380646064377382,11018.0,20874.0
2024-04-17,2024-04-16,-0.16906951574536552,-583.0,19953.0
2024-04-24,2024-04-23,0.15238147272950786,3895.0,19677.0
2024-05-08,2024-05-07,0.07424585802564716,-467.0,20650.0
2024-05-15,2024-05-14,0.08103995737879595,4473.0,21013.0
2024-05-22,2024-05-21,0.05664832737641059,1019.0,21277.0
2024-05-29,2024-05-28,0.1129857637552905,-863.0,21954.0
2024-06-05,2024-06-04,-0.10938851553662918,-2390.0,21320.0
2024-06-12,2024-06-11,0.15911797843231934,-5244.0,21798.0
2024-06-19,2024-06-18,0.06705324946452296,254.0,22786.0
2024-06-26,2024-06-25,0.11965700816840737,-1966.0,22743.0
2024-07-03,2024-07-02,0.02428726401473469,969.0,22831.0
2024-07-10,2024-07-09,0.04448463203135641,-5353.0,23878.0
2024-07-17,2024-07-16,0.08994336603745255,-916.0,24002.0
2024-07-31,2024-07-30,0.1435594367150167,-2736.0,22246.0
2024-08-07,2024-08-06,0.2757618152406768,3921.0,20420.0
2024-08-14,2024-08-13,0.16230949891142235,-1182.0,21769.0
2024-08-21,2024-08-20,0.027128367097823052,-983.0,22436.0
2024-08-28,2024-08-27,0.07357415776294655,-513.0,22146.0
2024-09-04,2024-09-03,0.03954020292064982,3209.0,22070.0
2024-09-11,2024-09-10,0.12636620144647084,1132.0,21000.0
2024-09-18,2024-09-16,0.05082215012535024,-496.0,21813.0
2024-09-25,2024-09-24,0.14587910201839902,4113.0,22491.0
2024-10-09,2024-10-08,0.13327044350253284,1056.0,22575.0
2024-10-16,2024-10-15,0.0749641870459429,22.0,23225.0
2024-10-23,2024-10-22,0.06252493342102709,-1326.0,23633.0
2024-10-30,2024-10-29,0.05715613382899628,-532.0,22976.0
2024-11-06,2024-11-05,0.16743913100755697,-2189.0,23135.0
2024-11-13,2024-11-12,0.019459334711047237,2193.0,22869.0
2024-11-20,2024-11-19,0.18737008307440484,5214.0,22850.0
2024-11-27,2024-11-26,-0.029306105101245712,-2119.0,22636.0
2024-12-04,2024-12-03,0.124512952258617,-1326.0,23112.0
2024-12-11,2024-12-10,0.06289242085905687,188.0,23090.0
2024-12-18,2024-12-17,0.0846373070925418,1308.0,23031.0
2024-12-25,2024-12-24,0.0114921473540102,-3104.0,23216.0
2025-01-08,2025-01-07,0.11661159739532008,2516.0,23752.0
2025-01-15,2025-01-14,0.12077884093093219,925.0,22750.0
2025-01-22,2025-01-21,0.08938343289193366,1026.0,23365.0
2025-02-05,2025-02-04,0.9369951868454213,2425.0,22822.0
2025-02-12,2025-02-11,0.09042046277589295,-378.0,23335.0
2025-02-19,2025-02-18,0.11341473469601913,572.0,23649.0
2025-02-26,2025-02-25,-0.03003429260510746,-3653.0,23299.0
2025-03-05,2025-03-04,0.35056892948370616,2532.0,22588.0
2025-03-12,2025-03-11,0.10791091609479833,-3071.0,22031.0
2025-03-19,2025-03-18,0.11245001238631136,362.0,22230.0
2025-03-26,2025-03-25,0.1343906510851419,4181.0,22298.0
2025-04-02,2025-04-01,0.23646758646758648,-72.0,21181.0
2025-04-09,2025-04-08,0.24170427950518222,-4926.0,18190.0
2025-04-16,2025-04-15,0.13086049589487123,1485.0,19798.0
2025-04-23,2025-04-22,0.142317398514673,-561.0,18797.0
2025-04-30,2025-04-29,0.13152088819301117,-596.0,20154.0
2025-05-07,2025-05-06,0.1650259621066395,-4998.0,20337.0
2025-05-14,2025-05-13,0.26658122062792416,234.0,21360.0
2025-05-21,2025-05-20,0.06107715897669164,-131.0,21539.0
2025-05-28,2025-05-27,0.045590115040477205,-1750.0,21233.0
2025-06-04,2025-06-03,0.24523230686115613,5923.0,20971.0
2025-06-11,2025-06-10,0.24465095719713315,1456.0,22113.0
2025-06-18,2025-06-17,0.08705432223343425,-365.0,22159.0
2025-06-25,2025-06-24,0.2999186122905247,304.0,21959.0
2025-07-02,2025-07-01,0.23591399026098375,-516.0,22353.0
2025-07-09,2025-07-08,0.0690190324355592,-742.0,22251.0
2025-07-16,2025-07-15,0.16210573409887405,4521.0,22810.0
2025-07-23,2025-07-22,0.0875028558373315,1962.0,22990.0
2025-07-30,2025-07-29,0.044125892140075465,4103.0,23163.0
2025-08-06,2025-08-05,0.26751898893097026,3751.0,23575.0
2025-08-13,2025-08-12,0.10101719098796401,273.0,24135.0
2025-08-20,2025-08-19,0.07620067772859866,-3007.0,24342.0
2025-08-27,2025-08-26,0.10033080219532366,-1523.0,24253.0
2025-09-03,2025-09-02,0.15680005704845554,2369.0,23965.0
2025-09-10,2025-09-09,0.22323691630039585,3207.0,24802.0
2025-09-17,2025-09-16,0.14381712256291124,652.0,25629.0
2025-09-24,2025-09-23,0.22394777914787573,1039.0,26273.0
2025-10-01,2025-09-30,0.5182601217803792,3189.0,25954.0
2025-10-08,2025-10-07,0.5614339809910134,-2849.0,27322.0
2025-10-15,2025-10-14,0.22908289546175922,5617.0,26718.0
2025-10-22,2025-10-21,0.13781100316093625,1969.0,27833.0
2025-10-29,2025-10-28,0.33099194791845127,-3243.0,28002.0
2025-11-05,2025-11-04,0.1699724803987746,38.0,28117.0
2025-11-12,2025-11-11,0.07681866492515334,-941.0,27780.0
2025-11-19,2025-11-18,-0.003978834924036648,-3521.0,26805.0
2025-11-26,2025-11-25,0.31230874048754576,1482.0,26933.0
2025-12-03,2025-12-02,0.23617079410814973,669.0,27561.0
2025-12-10,2025-12-09,0.05718407386035776,-3964.0,28220.0
2025-12-17,2025-12-16,0.06746487891809325,-527.0,27624.0
2025-12-24,2025-12-23,0.11769178393100317,411.0,28413.0
2025-12-31,2025-12-30,0.1261653937318936,-4086.0,28881.0
2026-01-07,2026-01-06,0.14792573528633007,-4419.0,30617.0
2026-01-14,2026-01-13,0.15479335958921184,-3225.0,30874.0
2026-01-21,2026-01-20,0.08339914584307742,1051.0,31672.0
2026-01-28,2026-01-27,0.221095062961249,1209.0,32509.0
2026-02-04,2026-02-03,0.31594040195731493,1177.0,32261.0
2026-02-11,2026-02-10,0.22801175972738813,-1299.0,33307.0
2026-02-25,2026-02-24,0.6514170685435403,1480.0,34827.0
2026-03-04,2026-03-03,0.43982652025468305,853.0,34325.0
2026-03-11,2026-03-10,0.42355768504103625,3606.0,32696.0
2026-03-18,2026-03-17,0.12293878119235722,2354.0,33795.0
2026-03-25,2026-03-24,0.27746703011013596,3609.0,32771.0
2026-04-01,2026-03-31,0.13375279440398066,68.0,31979.0
2026-04-08,2026-04-07,0.484570122338399,3505.0,33159.0
2026-04-15,2026-04-14,0.21414968850780405,-668.0,36381.0
2026-04-22,2026-04-21,0.2355601302667769,1323.0,38048.0
2026-04-29,2026-04-28,0.12807155336849024,-1646.0,39749.0
2026-05-06,2026-05-05,0.4927328896352968,-5183.0,41035.0
2026-05-13,2026-05-12,0.2745565109613448,1153.0,41695.0
2026-05-20,2026-05-19,0.08402508681542646,-380.0,40248.0
2026-05-27,2026-05-26,0.16065706479576347,-2933.0,43893.0
