year,expiry_ed,entry_E,maxpain,lots,stopped,v2_base_pts,put_ver_pts,put_prem_entry,v2_base_ntd,put_ver_ntd,src
2020,2020-04-22,10575.0,10500.0,1,1,-211.5,-259.5,33.0,-10575.0,-12975.0,put_tape_0702(TAIFEX hist)
2020,2020-05-20,10828.0,11000.0,2,0,-70.28,-225.28000000000063,76.0,-3514.0,-11264.0,put_tape_0702(TAIFEX hist)
2020,2020-07-22,12088.0,12100.0,2,0,367.12,340.1200000000008,12.0,18356.0,17006.0,put_tape_0702(TAIFEX hist)
2020,2020-08-19,12816.0,12700.0,2,0,-234.16,-332.15999999999985,47.5,-11708.0,-16608.0,put_tape_0702(TAIFEX hist)
2020,2020-09-16,12658.0,12950.0,2,0,363.42,300.4200000000001,30.0,18171.0,15021.0,put_tape_0702(TAIFEX hist)
2020,2020-11-18,13266.0,13300.0,2,0,773.34,706.3400000000001,32.0,38667.0,35317.0,put_tape_0702(TAIFEX hist)
2020,2020-12-09,14022.0,14200.0,2,0,609.78,594.9800000000007,5.9,30489.0,29749.0,put_tape_0702(TAIFEX hist)
2021,2021-01-13,15376.0,15600.0,2,0,602.24,555.2399999999998,22.0,30112.0,27762.0,put_tape_0702(TAIFEX hist)
2021,2021-02-03,15498.0,16050.0,1,1,-309.96,146.13999999999942,183.0,-15498.0,7307.0,put_tape_0702(TAIFEX hist)
2021,2021-03-10,15601.0,16500.0,2,0,425.98,398.9899999999998,12.0,21299.0,19949.0,put_tape_0702(TAIFEX hist)
2021,2021-03-31,16095.0,16150.0,2,0,495.04,481.6499999999993,5.2,24752.0,24082.0,put_tape_0702(TAIFEX hist)
2021,2021-04-28,17061.0,17350.0,2,0,769.38,750.1899999999994,8.1,38469.0,37509.0,put_tape_0702(TAIFEX hist)
2021,2021-05-12,17120.0,17200.0,2,1,-856.0,-941.2000000000008,13.5,-42800.0,-47060.0,put_tape_0702(TAIFEX hist)
2021,2021-05-19,15538.0,16200.0,2,0,-865.38,682.0399999999972,154.0,-43269.0,34102.0,put_tape_0702(TAIFEX hist)
2021,2021-05-26,16222.0,16300.0,2,0,615.78,452.7799999999989,80.0,30789.0,22639.0,put_tape_0702(TAIFEX hist)
2021,2021-06-02,16731.0,16850.0,2,0,576.68,510.6899999999987,31.5,28834.0,25534.0,put_tape_0702(TAIFEX hist)
2021,2021-07-07,17651.0,17700.0,2,0,169.5,126.4900000000016,20.0,8475.0,6325.0,put_tape_0702(TAIFEX hist)
2021,2021-07-14,17662.0,17850.0,2,0,235.38,161.38000000000102,35.5,11769.0,8069.0,put_tape_0702(TAIFEX hist)
2021,2021-08-04,17285.0,17350.0,2,0,397.16,298.15000000000146,48.0,19858.0,14908.0,put_tape_0702(TAIFEX hist)
2021,2021-08-18,17207.0,17400.0,1,0,-378.0,-409.5,51.0,-18900.0,-20475.0,put_tape_0702(TAIFEX hist)
2021,2021-08-25,16297.0,16600.0,2,0,1177.02,974.0299999999988,100.0,58851.0,48701.0,put_tape_0702(TAIFEX hist)
2021,2021-09-22,17256.0,17550.0,1,0,-421.0,-71.20999999999913,10.5,-21050.0,-3560.0,put_tape_0702(TAIFEX hist)
2021,2021-09-29,17191.0,17150.0,1,1,-343.82,-78.63999999999942,14.0,-17191.0,-3932.0,put_tape_0702(TAIFEX hist)
2021,2021-10-06,16800.0,17000.0,1,1,-336.0,-438.2900000000009,125.0,-16800.0,-21915.0,put_tape_0702(TAIFEX hist)
2021,2021-10-13,16740.0,16700.0,1,1,-334.8,-323.52000000000044,63.0,-16740.0,-16176.0,put_tape_0702(TAIFEX hist)
2021,2021-10-20,16496.0,16400.0,2,0,593.04,432.0400000000009,79.0,29652.0,21602.0,put_tape_0702(TAIFEX hist)
2021,2021-11-03,17061.0,17200.0,2,0,-108.62,-173.61000000000058,31.0,-5431.0,-8681.0,put_tape_0702(TAIFEX hist)
2021,2021-11-10,17150.0,17450.0,2,0,638.5,622.5,6.5,31925.0,31125.0,put_tape_0702(TAIFEX hist)
2022,2022-01-05,18288.0,18450.0,2,0,209.12,200.31999999999897,2.9,10456.0,10016.0,put_tape_0702(TAIFEX hist)
2022,2022-01-26,18026.0,18500.0,1,1,-360.52,-420.5299999999989,51.0,-18026.0,-21026.0,put_tape_0702(TAIFEX hist)
2022,2022-02-23,18065.0,18600.0,2,0,-232.66,-276.65000000000146,20.5,-11633.0,-13833.0,put_tape_0702(TAIFEX hist)
2022,2022-03-02,17660.0,18350.0,2,0,171.4,58.400000000001455,55.0,8570.0,2920.0,put_tape_0702(TAIFEX hist)
2022,2022-03-16,17301.0,17700.0,1,1,-346.02,-355.91999999999825,61.0,-17301.0,-17796.0,put_tape_0702(TAIFEX hist)
2022,2022-03-30,17720.0,17700.0,1,1,-354.4,-177.59999999999854,29.0,-17720.0,-8880.0,put_tape_0702(TAIFEX hist)
2022,2022-04-06,17466.0,17700.0,1,0,37.0,26.9,8.6,1850.0,1345.0,put_tape_0702(TAIFEX hist)
2022,2022-04-13,17200.0,17750.0,1,0,117.0,98.0,17.5,5850.0,4900.0,put_tape_0702(TAIFEX hist)
2022,2022-04-20,17349.0,17800.0,1,1,-346.98,-341.369999999999,48.0,-17349.0,-17068.0,put_tape_0702(TAIFEX hist)
2022,2022-04-27,16862.0,18200.0,1,1,-337.24,-376.5,13.0,-16862.0,-18825.0,put_tape_0702(TAIFEX hist)
2022,2022-05-04,16555.0,18000.0,1,0,-35.0,-71.0,34.5,-1750.0,-3550.0,put_tape_0702(TAIFEX hist)
2022,2022-05-18,15801.0,21100.0,2,0,659.98,424.9899999999998,116.0,32999.0,21249.0,put_tape_0702(TAIFEX hist)
2022,2022-05-25,16069.0,16500.0,2,0,-180.7,-235.6900000000005,26.0,-9035.0,-11785.0,put_tape_0702(TAIFEX hist)
2022,2022-06-08,16590.0,17000.0,1,0,47.0,37.1,8.4,2350.0,1855.0,put_tape_0702(TAIFEX hist)
2022,2022-06-15,16380.0,16850.0,1,1,-327.6,-351.5,20.0,-16380.0,-17575.0,put_tape_0702(TAIFEX hist)
2022,2022-06-22,15196.0,16000.0,2,0,-509.96,-535.960000000001,11.5,-25498.0,-26798.0,put_tape_0702(TAIFEX hist)
2022,2022-06-29,15006.0,15600.0,2,0,-132.06,-176.0599999999995,20.5,-6603.0,-8803.0,put_tape_0702(TAIFEX hist)
2022,2022-07-06,14656.0,15050.0,1,1,-293.12,-553.5,196.0,-14656.0,-27675.0,put_tape_0702(TAIFEX hist)
2022,2022-07-20,14237.0,16800.0,2,0,567.62,476.6299999999992,44.0,28381.0,23831.0,put_tape_0702(TAIFEX hist)
2022,2022-08-10,14780.0,14750.0,2,0,58.2,32.20000000000073,11.5,2910.0,1610.0,put_tape_0702(TAIFEX hist)
2022,2022-08-17,15115.0,15500.0,2,0,380.86,341.8500000000004,18.0,19043.0,17093.0,put_tape_0702(TAIFEX hist)
2022,2022-08-24,15308.0,15450.0,1,1,-306.16,-206.7500000000004,9.4,-15308.0,-10338.0,put_tape_0702(TAIFEX hist)
2022,2022-08-31,15271.0,15400.0,1,0,-439.0,-337.0,14.5,-21950.0,-16850.0,put_tape_0702(TAIFEX hist)
2022,2022-09-07,14776.0,15200.0,1,0,-331.0,-292.6399999999994,73.0,-16550.0,-14632.0,put_tape_0702(TAIFEX hist)
2022,2022-09-14,14775.0,14600.0,2,0,-781.76,-321.76999999999896,5.7,-39088.0,-16088.0,put_tape_0702(TAIFEX hist)
2022,2022-09-21,14578.0,20200.0,1,0,-157.0,-194.5,36.0,-7850.0,-9725.0,put_tape_0702(TAIFEX hist)
2022,2022-09-28,14212.0,14400.0,1,0,-296.0,-351.0,37.5,-14800.0,-17550.0,put_tape_0702(TAIFEX hist)
2022,2022-10-05,13356.0,13850.0,2,0,780.44,699.4400000000005,39.0,39022.0,34972.0,put_tape_0702(TAIFEX hist)
2022,2022-10-12,13781.0,14300.0,1,0,-530.0,-337.5,55.0,-26500.0,-16875.0,put_tape_0702(TAIFEX hist)
2022,2022-10-19,13032.0,16900.0,2,0,-230.32,-535.3199999999997,151.0,-11516.0,-26766.0,put_tape_0702(TAIFEX hist)
2022,2022-10-26,12922.0,13200.0,2,1,-646.1,-813.3799999999992,85.0,-32305.0,-40669.0,put_tape_0702(TAIFEX hist)
2022,2022-11-09,12880.0,13250.0,2,0,1285.2,1264.4000000000008,8.9,64260.0,63220.0,put_tape_0702(TAIFEX hist)
2022,2022-11-16,13543.0,14400.0,2,0,1778.56,1661.5699999999997,57.0,88928.0,83078.0,put_tape_0702(TAIFEX hist)
2022,2022-12-14,14567.0,14650.0,2,0,136.32,13.329999999999927,60.0,6816.0,666.0,put_tape_0702(TAIFEX hist)
2022,2022-12-21,14658.0,14750.0,1,1,-293.16,-332.0,22.5,-14658.0,-16600.0,put_tape_0702(TAIFEX hist)
2022,2022-12-28,14311.0,14250.0,1,0,-198.0,-219.0,19.5,-9900.0,-10950.0,put_tape_0702(TAIFEX hist)
2022,2023-01-04,14193.0,14350.0,1,0,17.0,-7.0,22.5,850.0,-350.0,put_tape_0702(TAIFEX hist)
2023,2023-01-18,15000.0,15100.0,2,0,766.0,541.0,111.0,38300.0,27050.0,put_tape_0702(TAIFEX hist)
2023,2023-02-22,15458.0,15500.0,1,0,-83.0,-94.4,9.9,-4150.0,-4720.0,put_tape_0702(TAIFEX hist)
2023,2023-03-01,15435.0,15900.0,2,0,67.64,55.04999999999964,4.8,3382.0,2752.0,put_tape_0702(TAIFEX hist)
2023,2023-03-22,15194.0,15500.0,2,0,872.06,812.0599999999995,28.5,43603.0,40603.0,put_tape_0702(TAIFEX hist)
2023,2023-03-29,15695.0,15750.0,2,0,-70.96,-97.95000000000071,12.0,-3548.0,-4898.0,put_tape_0702(TAIFEX hist)
2023,2023-04-26,15730.0,15800.0,1,1,-314.6,-352.0,20.5,-15730.0,-17600.0,put_tape_0702(TAIFEX hist)
2023,2023-05-03,15342.0,15400.0,2,0,262.58,244.17999999999992,7.7,13129.0,12209.0,put_tape_0702(TAIFEX hist)
2023,2023-05-10,15496.0,15950.0,2,0,81.04,60.83999999999905,8.6,4052.0,3042.0,put_tape_0702(TAIFEX hist)
2023,2023-05-31,16132.0,16150.0,2,0,552.68,535.0800000000003,7.3,27634.0,26754.0,put_tape_0702(TAIFEX hist)
2023,2023-06-07,16440.0,16600.0,2,0,733.6,703.5999999999985,13.5,36680.0,35180.0,put_tape_0702(TAIFEX hist)
2023,2023-06-14,16802.0,18000.0,2,0,631.98,618.1799999999996,5.4,31599.0,30909.0,put_tape_0702(TAIFEX hist)
2023,2023-06-28,16851.0,17200.0,1,0,-77.0,-79.7,1.2,-3850.0,-3985.0,put_tape_0702(TAIFEX hist)
2023,2023-07-05,16851.0,16850.0,2,0,145.5,101.4900000000016,20.5,7275.0,5075.0,put_tape_0702(TAIFEX hist)
2023,2023-07-12,16869.0,17300.0,1,0,50.0,8.5,40.0,2500.0,425.0,put_tape_0702(TAIFEX hist)
2023,2023-07-26,17020.0,17400.0,2,0,-12.2,-44.20000000000073,14.5,-610.0,-2210.0,put_tape_0702(TAIFEX hist)
2023,2023-08-02,17183.0,17100.0,2,1,-859.16,-149.38999999999942,11.5,-42958.0,-7469.0,put_tape_0702(TAIFEX hist)
2023,2023-08-09,16720.0,17100.0,2,0,90.8,68.79999999999927,9.5,4540.0,3440.0,put_tape_0702(TAIFEX hist)
2023,2023-08-16,16788.0,17250.0,1,1,-335.76,-405.5,66.0,-16788.0,-20275.0,put_tape_0702(TAIFEX hist)
2023,2023-08-23,16261.0,16500.0,2,0,431.38,416.3899999999994,6.0,21569.0,20819.0,put_tape_0702(TAIFEX hist)
2023,2023-08-30,16788.0,16600.0,1,1,-335.76,-146.16999999999825,23.0,-16788.0,-7308.0,put_tape_0702(TAIFEX hist)
2023,2023-09-06,16730.0,16800.0,1,0,-16.0,-36.0,18.5,-800.0,-1800.0,put_tape_0702(TAIFEX hist)
2023,2023-09-20,16676.0,16600.0,2,0,-396.76,-417.7599999999984,9.0,-19838.0,-20888.0,put_tape_0702(TAIFEX hist)
2023,2023-09-27,16479.0,17050.0,1,0,-166.0,-210.0,42.5,-8300.0,-10500.0,put_tape_0702(TAIFEX hist)
2023,2023-10-04,16342.0,16400.0,2,0,-349.42,-379.4200000000019,13.5,-17471.0,-18971.0,put_tape_0702(TAIFEX hist)
2023,2023-10-11,16300.0,16600.0,2,0,663.0,651.2,4.4,33150.0,32560.0,put_tape_0702(TAIFEX hist)
2023,2023-10-25,16365.0,16700.0,1,0,-2.0,-22.0,18.5,-100.0,-1100.0,put_tape_0702(TAIFEX hist)
2023,2023-11-01,16137.0,16950.0,1,0,-82.0,-104.5,21.0,-4100.0,-5225.0,put_tape_0702(TAIFEX hist)
2023,2023-11-08,16256.0,16200.0,2,0,827.44,810.4399999999987,7.0,41372.0,40522.0,put_tape_0702(TAIFEX hist)
2023,2023-12-13,17321.0,17500.0,2,0,100.8,74.79000000000087,11.5,5040.0,3740.0,put_tape_0702(TAIFEX hist)
2023,2023-12-27,17563.0,17950.0,2,0,414.36,402.169999999999,4.6,20718.0,20108.0,put_tape_0702(TAIFEX hist)
2024,2024-01-10,17525.0,17800.0,2,0,-297.24,-323.25,11.5,-14862.0,-16162.0,put_tape_0702(TAIFEX hist)
2024,2024-01-17,17490.0,17700.0,1,0,-262.0,-301.0,37.5,-13100.0,-15050.0,put_tape_0702(TAIFEX hist)
2024,2024-01-24,17240.0,17600.0,2,0,1149.6,1116.5999999999983,15.0,57480.0,55830.0,put_tape_0702(TAIFEX hist)
2024,2024-02-07,17956.0,18000.0,2,0,1234.44,1173.4399999999987,29.0,61722.0,58672.0,put_tape_0702(TAIFEX hist)
2024,2024-02-28,18887.0,18700.0,1,0,72.0,57.5,13.0,3600.0,2875.0,put_tape_0702(TAIFEX hist)
2024,2024-03-13,19688.0,19600.0,2,0,283.12,222.11999999999892,29.0,14156.0,11106.0,put_tape_0702(TAIFEX hist)
2024,2024-04-03,20226.0,20250.0,2,0,45.74,26.3400000000016,8.2,2287.0,1317.0,put_tape_0702(TAIFEX hist)
2024,2024-04-17,20745.0,21100.0,1,0,-467.0,-454.5,8.0,-23350.0,-22725.0,put_tape_0702(TAIFEX hist)
2024,2024-04-24,20070.0,20300.0,2,1,-1003.5,-848.7800000000025,23.0,-50175.0,-42439.0,put_tape_0702(TAIFEX hist)
2024,2024-05-01,20126.0,20450.0,2,0,134.74,47.7400000000016,42.0,6737.0,2387.0,put_tape_0702(TAIFEX hist)
2024,2024-05-08,20548.0,20350.0,2,0,146.52,25.52000000000044,59.0,7326.0,1276.0,put_tape_0702(TAIFEX hist)
2024,2024-06-05,21512.0,21750.0,1,0,-57.0,-126.5,68.0,-2850.0,-6325.0,put_tape_0702(TAIFEX hist)
2024,2024-07-03,22908.0,22950.0,2,0,314.92,261.91999999999825,25.0,15746.0,13096.0,put_tape_0702(TAIFEX hist)
2024,2024-08-07,22721.0,22300.0,1,0,-721.0,-577.5,105.0,-36050.0,-28875.0,put_tape_0702(TAIFEX hist)
2024,2024-08-28,22229.0,22400.0,1,0,172.0,70.5,100.0,8600.0,3525.0,put_tape_0702(TAIFEX hist)
2024,2024-09-04,22320.0,22350.0,1,0,-1074.0,-505.5,34.0,-53700.0,-25275.0,put_tape_0702(TAIFEX hist)
2024,2024-09-11,21310.0,22150.0,1,0,-576.0,-420.3199999999997,198.0,-28800.0,-21016.0,put_tape_0702(TAIFEX hist)
2024,2024-09-18,21586.0,21300.0,2,0,-7.86,-184.86000000000053,87.0,-393.0,-9243.0,put_tape_0702(TAIFEX hist)
2024,2024-09-25,21763.0,21750.0,2,0,1848.36,1783.369999999999,31.0,92418.0,89168.0,put_tape_0702(TAIFEX hist)
2024,2024-10-30,23383.0,23550.0,2,1,-1169.16,-1260.5699999999997,114.0,-58458.0,-63028.0,put_tape_0702(TAIFEX hist)
2024,2024-11-06,22397.0,23250.0,2,0,1608.02,1493.0299999999988,56.0,80401.0,74651.0,put_tape_0702(TAIFEX hist)
2024,2024-11-20,22786.0,23400.0,1,0,-2.0,-144.5,141.0,-100.0,-7225.0,put_tape_0702(TAIFEX hist)
2024,2024-11-27,22647.0,22800.0,2,0,-806.48,-1007.4700000000012,99.0,-40324.0,-50374.0,put_tape_0702(TAIFEX hist)
2024,2024-12-04,22302.0,22600.0,2,0,1728.98,1569.9799999999996,78.0,86449.0,78499.0,put_tape_0702(TAIFEX hist)
2024,2024-12-11,23260.0,23600.0,1,0,-415.0,-472.5,56.0,-20750.0,-23625.0,put_tape_0702(TAIFEX hist)
2024,2024-12-25,22747.0,24400.0,2,0,924.52,805.5299999999988,58.0,46226.0,40276.0,put_tape_0702(TAIFEX hist)
2025,2025-01-08,22935.0,23700.0,2,0,806.66,743.6500000000015,30.0,40333.0,37183.0,put_tape_0702(TAIFEX hist)
2025,2025-01-15,23083.0,23600.0,1,1,-461.66,-388.0400000000009,61.0,-23083.0,-19402.0,put_tape_0702(TAIFEX hist)
2025,2025-01-22,23080.0,22700.0,2,0,973.2,710.2000000000007,130.0,48660.0,35510.0,put_tape_0702(TAIFEX hist)
2025,2025-02-12,23285.0,23350.0,2,0,-180.84,-230.8499999999985,23.5,-9042.0,-11542.0,put_tape_0702(TAIFEX hist)
2025,2025-02-19,23435.0,23850.0,2,0,107.66,2.650000000001455,51.0,5383.0,133.0,put_tape_0702(TAIFEX hist)
2025,2025-02-26,23505.0,23900.0,2,0,-409.04,-476.0499999999993,32.0,-20452.0,-23802.0,put_tape_0702(TAIFEX hist)
2025,2025-03-05,22650.0,23850.0,1,1,-453.0,106.36000000000058,21.0,-22650.0,5318.0,put_tape_0702(TAIFEX hist)
2025,2025-03-12,22499.0,22900.0,1,0,-631.0,-422.4000000000015,93.0,-31550.0,-21120.0,put_tape_0702(TAIFEX hist)
2025,2025-03-19,22445.0,22800.0,1,1,-448.9,-497.08000000000175,296.0,-22445.0,-24854.0,put_tape_0702(TAIFEX hist)
2025,2025-03-26,22236.0,22200.0,1,0,63.0,26.5,35.0,3150.0,1325.0,put_tape_0702(TAIFEX hist)
2025,2025-04-02,22031.0,22400.0,1,1,-440.62,-567.5,85.0,-22031.0,-28375.0,put_tape_0702(TAIFEX hist)
2025,2025-04-09,19167.0,21400.0,1,0,-571.0,-477.1,8.6,-28550.0,-23855.0,put_tape_0702(TAIFEX hist)
2025,2025-04-16,18902.0,21900.0,1,1,-378.04,712.5900000000001,121.0,-18902.0,35630.0,put_tape_0702(TAIFEX hist)
2025,2025-04-23,19243.0,19600.0,1,1,-384.86,-279.8899999999994,199.0,-19243.0,-13994.0,put_tape_0702(TAIFEX hist)
2025,2025-04-30,19980.0,19600.0,2,0,140.2,-100.79999999999929,119.0,7010.0,-5040.0,put_tape_0702(TAIFEX hist)
2025,2025-05-07,20488.0,20200.0,2,0,-416.88,-559.880000000001,70.0,-20844.0,-27994.0,put_tape_0702(TAIFEX hist)
2025,2025-05-14,20475.0,20500.0,2,0,2365.24,2084.25,139.0,118262.0,104212.0,put_tape_0702(TAIFEX hist)
2025,2025-06-04,21513.0,21400.0,1,0,-537.0,-300.0600000000013,127.0,-26850.0,-15003.0,put_tape_0702(TAIFEX hist)
2025,2025-06-25,21820.0,22150.0,1,0,-470.0,447.369999999999,73.0,-23500.0,22368.0,put_tape_0702(TAIFEX hist)
2025,2025-07-09,22568.0,22400.0,1,0,-130.0,-191.5,60.0,-6500.0,-9575.0,put_tape_0702(TAIFEX hist)
2025,2025-07-23,22958.0,23000.0,2,0,244.42,225.61999999999824,7.9,12221.0,11281.0,put_tape_0702(TAIFEX hist)
2025,2025-07-30,23400.0,23350.0,1,0,-47.0,-52.7,4.2,-2350.0,-2635.0,put_tape_0702(TAIFEX hist)
2025,2025-08-06,23497.0,23450.0,1,0,-96.0,-107.3,9.8,-4800.0,-5365.0,put_tape_0702(TAIFEX hist)
2025,2025-08-27,23729.0,24350.0,2,0,1232.7,1222.7099999999991,3.5,61635.0,61135.0,put_tape_0702(TAIFEX hist)
2025,2025-09-10,24195.0,24250.0,2,0,1686.04,1669.6499999999992,6.7,84302.0,83482.0,put_tape_0702(TAIFEX hist)
2025,2025-10-01,26191.0,26450.0,1,1,-523.82,-122.20999999999913,8.0,-26191.0,-6110.0,put_tape_0702(TAIFEX hist)
2025,2025-11-12,28010.0,28300.0,1,0,50.0,31.5,17.0,2500.0,1575.0,put_tape_0702(TAIFEX hist)
2025,2025-11-26,27308.0,27400.0,1,0,-558.0,-255.63000000000176,9.3,-27900.0,-12782.0,put_tape_0702(TAIFEX hist)
2025,2025-12-24,27500.0,27700.0,2,0,1669.0,1634.0,16.0,83450.0,81700.0,put_tape_0702(TAIFEX hist)
2026,2026-02-11,31458.0,32100.0,2,0,4135.42,3494.4199999999983,319.0,206771.0,174720.9999999999,true_oi_5m(rebased 0707)
2026,2026-03-11,33911.0,34050.0,2,1,-4701.12,-2061.1300000000047,77.0,-235056.0,-103056.50000000023,true_oi_5m(rebased 0707)
2026,2026-03-25,33809.0,34000.0,1,1,-1308.0,-1295.5,235.0,-65400.0,-64775.0,true_oi_5m(rebased 0707)
2026,2026-04-01,33855.0,33750.0,1,1,-1062.0,-1155.5,99.0,-53100.0,-57775.0,true_oi_5m(rebased 0707)
2026,2026-04-08,33192.0,32950.0,2,0,3340.08,3238.0800000000017,49.5,167004.0,161904.0000000001,true_oi_5m(rebased 0707)
2026,2026-05-06,40440.0,39400.0,2,0,1767.6,1699.5999999999985,32.5,88380.0,84979.99999999993,true_oi_5m(rebased 0707)
2026,2026-05-27,40967.0,40500.0,2,0,7256.34,7244.730000000001,4.3,362817.0,362236.50000000006,true_oi_5m(rebased 0707)
2026,2026-06-03,44655.0,44300.0,2,0,3993.44,2690.449999999997,650.0,199672.0,134522.49999999985,true_oi_5m(rebased 0707)
